0,0,-0.006478197500109672,-0.006478197500109672,18.727272727272727,18.727272727272727
0,1,-0.006218358781188727,-0.006218358781188727,23.22222222222222,23.22222222222222
0,2,-0.009232548531144857,-0.009232548531144857,20.6,20.6
0,3,-0.006583328638225794,-0.006583328638225794,26.0,26.0
1,0,-0.006822530226781964,-0.006650363863445818,22.666666666666668,20.696969696969695
1,1,-0.00686465110629797,-0.006541504943743348,23.444444444444443,23.333333333333332
1,2,-0.016029607225209474,-0.012631077878177166,18.181818181818183,19.39090909090909
1,3,-0.0068453015759587284,-0.006714315107092261,16.75,21.375
2,0,-0.006561847124248743,-0.006620858283713459,20.454545454545453,20.616161616161616
2,1,-0.01606338545680046,-0.009715465114762387,17.416666666666668,21.36111111111111
2,2,-0.010634082090109586,-0.011965412615487973,24.333333333333332,21.038383838383837
2,3,-0.013998316787183284,-0.009142315667122602,18.90909090909091,20.5530303030303
3,0,-0.006878902949392795,-0.0066853694501332935,26.125,21.99337121212121
3,1,-0.012295093666762114,-0.010360372252762318,23.11111111111111,21.79861111111111
3,2,-0.015236548334360122,-0.012783196545206009,29.285714285714285,23.10021645021645
3,3,-0.011258678883314133,-0.009671406471170485,29.285714285714285,22.736201298701296
4,0,-0.014461072254925966,-0.008240510011091828,30.142857142857142,23.623268398268397
4,1,-0.015829734690487384,-0.011454244740307332,22.333333333333332,21.905555555555555
4,2,-0.01647086050361395,-0.013520729336887596,44.0,27.28017316017316
4,3,-0.015788897033780815,-0.010894904583692551,23.333333333333332,22.855627705627704
5,0,-0.008822820335626601,-0.008337561731847624,21.3,23.236056998557
5,1,-0.013160949293524026,-0.011738695499176782,34.5,24.00462962962963
5,2,-0.01874823570251465,-0.014391980397825438,30.428571428571427,27.804906204906203
5,3,-0.01669195117428899,-0.011861079015458624,30.0,24.04635642135642
6,0,-0.013067125529050826,-0.009013213702876654,27.625,23.863048855905998
6,1,-0.005768971703946591,-0.010885877814143897,54.75,28.396825396825395
6,2,-0.009794161096215248,-0.013735149069023983,97.33333333333333,37.737538651824366
6,3,-0.009771503787487746,-0.011562568268605642,68.33333333333333,30.37306740878169
7,0,-0.003866029530763626,-0.008369815681362525,34.833333333333336,25.234334415584414
7,1,-0.017233582399785518,-0.011679340887349099,32.42857142857143,28.900793650793652
7,2,-0.01629187478683889,-0.014054739783750846,43.4,38.44534632034632
7,3,-0.010626188386231661,-0.011445520783308894,35.0,30.95143398268398
8,0,-0.003416792396456003,-0.007819479760817356,43.0,27.208297258297257
8,1,-0.009138446114957333,-0.011397019245972235,58.4,32.17848324514991
8,2,-0.010602277051657439,-0.013671132813518245,76.33333333333333,42.65512265512265
8,3,-0.006085151340812445,-0.010849924178587066,127.66666666666667,41.697570947570945
9,0,-0.010263148415833711,-0.008063846626318993,36.333333333333336,28.120800865800863
9,1,-0.011493127793073654,-0.011406630100682377,200.0,48.96063492063492
9,2,-0.009046457335352897,-0.01320866526570171,151.5,53.53961038961038
9,3,-0.0031044182367622854,-0.01007537358440459,200.0,57.52781385281385
10,0,-0.011355216801166534,-0.008363062096759678,38.166666666666664,29.0340613931523
10,1,-0.009394465573132038,-0.011223706052723255,108.66666666666667,54.38845598845599
10,2,3.853160887956619e-05,-0.012004374640739777,136.5,61.08146399055489
10,3,-0.004617819003760815,-0.00957923225889152,70.66666666666667,58.72225501770956
11,0,-0.014095060341060162,-0.008840728617118052,67.0,32.19788961038961
11,1,0.0007484583184123039,-0.010226025688461959,181.0,64.93941798941799
11,2,-0.010464728530496358,-0.011876070798219491,171.5,70.28300865800865
11,3,-0.014033570140600204,-0.009950427082367243,155.5,66.7870670995671
12,0,-0.004685071390122175,-0.008521062676579906,177.5,43.37497502497502
12,1,0.00156687181442976,-0.009318879726701057,99.66666666666667,67.6107448107448
12,2,-0.006964760180562734,-0.011498277673784356,106.0,73.03046953046952
12,3,-0.010422215983271598,-0.009986718536282961,71.25,67.13036963036963
13,0,-0.008226744178682566,-0.008500039926730096,88.66666666666667,46.610095856524424
13,1,-0.001825338415801525,-0.00878362677592252,192.0,76.49569160997733
13,2,-0.0068285434506833555,-0.011164725229277141,200.0,82.09972170686456
13,3,-0.009200369473546743,-0.009930550746087518,68.66666666666667,67.24010513296227
14,0,-0.009818343725055457,-0.008587926846618455,73.33333333333333,48.39164502164502
14,1,-0.005260697565972805,-0.008548764828592539,200.0,84.72931216931217
14,2,-0.007179373502731323,-0.010899035114174086,110.5,83.99307359307359
14,3,-0.012715894542634488,-0.010116240332523983,101.0,69.49076479076479
15,0,-0.008269146550446749,-0.008568003078107723,101.33333333333333,51.70050054112554
15,1,-0.0032526795752346517,-0.00821775950025767,200.0,91.93373015873016
15,2,-0.004577832203358412,-0.010503959932248107,200.0,91.24350649350649
15,3,-0.0010148502886295318,-0.00954740345478058,183.0,76.58509199134198
16,0,-0.014712259452790023,-0.008929429923677271,110.5,55.15929462694169
16,1,-0.0009864121675491333,-0.007792386127745403,133.5,94.37880485527545
16,2,-0.004731499217450618,-0.01016440341961296,200.0,97.6409472880061
16,3,-0.0031292018480598926,-0.009169862183797011,169.5,82.05067481538069
17,0,-0.01067668553441763,-0.009026499679829512,73.0,56.15044492544493
17,1,-0.004744483344256878,-0.007623058195329374,200.0,100.24664902998236
17,2,-0.005470560863614082,-0.009903634388724134,152.0,100.66089466089466
17,3,-0.0039930037222802636,-0.008882258935934969,200.0,88.6034151034151
18,0,-0.011307028774172067,-0.009146527526900173,74.66666666666667,57.124982911825015
18,1,-0.003018133994191885,-0.007380693763690558,138.5,102.25998329156224
18,2,-0.0006523584015667439,-0.009416725126242165,200.0,105.88926862611072
18,3,-0.009952452778816224,-0.008938584927665562,159.5,92.33481430849851
19,0,-0.009868583548814059,-0.009182630327995867,124.5,60.49373376623377
19,1,-0.0026402768678963186,-0.007143672918900845,170.5,105.67198412698413
19,2,-0.006924202106893063,-0.00929209897527471,181.0,109.64480519480519
19,3,-0.011314571276307106,-0.00905738424509764,132.66666666666666,94.35140692640692
20,0,-0.00681636044755578,-0.009069950809879674,200.0,67.13688930117502
20,1,0.0004550497978925705,-0.00678182898000592,145.5,107.56855631141346
20,2,-0.007334552146494389,-0.009198882459618505,143.0,111.23314780457638
20,3,-0.005564185790717602,-0.008891041461555733,133.5,96.21562564419708
21,0,-0.005972638912498951,-0.008929163905453277,131.0,70.03975796930342
21,1,-0.002936374768614769,-0.006607035606760869,152.5,109.61089466089466
21,2,-0.0062064558267593386,-0.009062863067215815,200.0,115.26800472255017
21,3,-0.010462999902665615,-0.008962494117969818,200.0,100.93309720582448
22,0,-0.0011395126581192016,-0.008590483416438753,200.0,75.69020327498588
22,1,-0.0022078029811382293,-0.006415764623038145,153.5,111.5191166321601
22,2,-0.004635727033019066,-0.008870378891815956,173.0,117.77809147374364
22,3,-0.009696308057755232,-0.008994399071873532,200.0,105.24035384904951
23,0,-0.006070876866579056,-0.008485499810194596,129.5,77.93227813852813
23,1,-0.00847035702317953,-0.006501372639710704,200.0,115.20582010582011
23,2,-0.004788494948297739,-0.008700300394169365,200.0,121.20400432900432
23,3,-0.00547079867683351,-0.008847582388746862,164.0,107.68867243867244
24,0,-0.0064278095960617065,-0.00840319220162928,200.0,82.814987012987
24,1,-0.015445786993950605,-0.0068591492138803,200.0,118.5975873015873
24,2,-0.004011867195367813,-0.008512763066217302,200.0,124.35584415584415
24,3,-0.00579760130494833,-0.008725583145394922,178.0,110.50112554112555
25,0,-0.003655020985752344,-0.00822057023178786,190.5,86.95671828171827
25,1,-0.01579217528924346,-0.007202727139855806,200.0,121.72844932844933
25,2,-0.009528813045471906,-0.008551841911573248,200.0,127.26523476523477
25,3,-0.009654602222144603,-0.008761314648346832,146.5,111.88569763569764
26,0,-0.0065717905759811405,-0.008159504318609833,200.0,91.14350649350648
26,1,-0.02182884030044079,-0.007744435034692287,200.0,124.62739564961787
26,2,-0.006673016306012869,-0.008482255778033975,200.0,129.95911495911494
26,3,-0.005732635408639908,-0.008649141343172502,200.0,115.14919031585698
27,0,-0.0039396176114678385,-0.008008794079069048,200.0,95.03123840445268
27,1,-0.010330649698153139,-0.007836799844101603,76.66666666666667,122.91451247165533
27,2,-0.0028747101314365864,-0.008281986290655496,154.5,130.83557513914656
27,3,-0.00928733116015792,-0.008671933836636267,200.0,118.17957637600496
28,0,-0.007123211026191711,-0.007978256732418105,193.0,98.40947156291983
28,1,-0.014974384568631649,-0.008082923455292294,66.0,120.951943076081
28,2,-0.002444925718009472,-0.0080807083398746,200.0,133.2205553067622
28,3,-0.007413545437157154,-0.008628541133205953,200.0,121.00097029407375
29,0,-0.005332830641418695,-0.007890075862718124,200.0,101.7958225108225
29,1,-0.006657092832028866,-0.00803539576785018,200.0,123.5868783068783
29,2,0.0003209290560334921,-0.007800653760010997,181.0,134.81320346320345
29,3,-0.016425165813416243,-0.008888428622546296,200.0,123.63427128427129
30,0,-0.01057802801951766,-0.007976783996808432,200.0,104.96369920402178
30,1,-0.009563213121145964,-0.008084680198601656,196.0,125.92278545826932
30,2,-0.00448729582130909,-0.007693771245859322,200.0,136.91600335148723
30,3,-0.004813065379858017,-0.008756965292136997,147.0,124.38800446864964
31,0,-0.006764754839241505,-0.007938908085634466,200.0,107.9335836038961
31,1,-0.007567878067493439,-0.008068530132004526,200.0,128.23769841269842
31,2,-0.010324143059551715,-0.00777597036503721,200.0,138.88737824675326
31,3,-0.004992646258324384,-0.008639330322330352,141.0,124.90712932900433
32,0,-0.004975749365985394,-0.007849115397160251,161.0,109.54165682802045
32,1,-0.013586047384887934,-0.008235727624516145,200.0,130.41231361231362
32,2,-0.007070728950202465,-0.007754599413072521,186.5,140.33018496654861
32,3,-0.0051388277672231196,-0.008533254487327103,174.5,126.40994359176177
33,0,-0.006220751069486141,-0.007801222328699249,166.5,111.21690221543162
33,1,-0.004176821559667587,-0.008116348034373541,149.5,130.97371615312792
33,2,-0.0058374833315610886,-0.007698213645969243,157.0,140.82047364400307
33,3,-0.004782429430633783,-0.008422936103306711,200.0,128.57435701553348
34,0,-0.0007319248281419278,-0.007599242400111898,153.0,112.41070500927643
34,1,0.0009618488140404225,-0.007856970981561712,177.0,132.28875283446712
34,2,-0.007079136557877064,-0.00768052572916661,188.0,142.16846011131727
34,3,-0.0061191761866211895,-0.00835711439140141,143.0,128.9865182436611
35,0,-0.0028331567533314227,-0.007466851132145773,108.33333333333333,112.29744468494468
35,1,-0.003952819760888815,-0.00774852233654302,174.0,133.44739858906527
35,2,-0.0037153733894228934,-0.007570382608618174,200.0,143.77489177489178
35,3,-0.0013721873983740807,-0.008163088641595095,172.0,130.1813371813372
36,0,-0.004645867925137282,-0.007390608342767164,132.5,112.84345969345968
36,1,-0.0012563450261950492,-0.007573058084911994,200.0,135.24611754611755
36,2,-0.006479730457067489,-0.007540905523441129,190.5,145.03773253773255
36,3,-0.0061929644085466865,-0.008109842040701894,165.0,131.12238212238213
37,0,-0.005636434257030487,-0.007344445866826725,153.5,113.91336864889495
37,1,-0.0088764613494277,-0.007607358170820302,200.0,136.95016708437763
37,2,-0.004800387471914291,-0.007468786627348317,200.0,146.4841079972659
37,3,-0.006672166753560305,-0.008072008480513959,142.0,131.4086352244247
38,0,-0.007682595960795879,-0.007353116382056704,157.5,115.03097458097457
38,1,-0.003397779818624258,-0.007499420264353737,200.0,138.56682946682946
38,2,-0.0033676762133836744,-0.0073636299500671725,154.5,146.6896436896437
38,3,-0.0028396367095410826,-0.007937845101771063,184.5,132.76995226995228
39,0,-0.005420787632465363,-0.00730480816331692,159.0,116.13020021645022
39,1,-0.00929532377049327,-0.007544317852007225,200.0,140.10265873015874
39,2,-0.006179466564208269,-0.0073340258654207,194.5,147.8849025974026
39,3,-0.006073424220085144,-0.007891234579728916,200.0,134.45070346320344
40,0,0.0013264473527669907,-0.007094289736095361,161.5,117.23678069897583
40,1,-0.006842072680592537,-0.007527189920997111,200.0,141.5635694928378
40,2,-0.007947802636772394,-0.00734899603057562,155.0,148.05844155844156
40,3,-0.00579235777258873,-0.007840042462481595,169.5,135.30556435434482
41,0,-0.004462455399334431,-0.007031627013791529,200.0,119.20733353947641
41,1,-0.003305446170270443,-0.007426672212646476,200.0,142.95491307634165
41,2,-0.0014984726905822754,-0.007209697855813874,199.5,149.28324056895485
41,3,0.0011270800605416298,-0.007626539545266756,200.0,136.84590806019375
42,0,-0.007224402762949467,-0.00703611017074869,166.0,120.29553508506997
42,1,-0.007118509896099567,-0.007419505647145386,192.0,144.0954964931709
42,2,-0.00514844860881567,-0.007161761826813916,200.0,150.4627000906071
42,3,-0.002947955159470439,-0.007517735257224981,181.0,137.87274740763112
43,0,-0.0035448756068944933,-0.0069567639306610946,200.0,122.10700019677293
43,1,-0.00342114195227623,-0.007328633744989268,200.0,145.36605339105338
43,2,-0.00820991899818182,-0.007185583580708641,200.0,151.58854781582056
43,3,-0.002401357050985098,-0.007401453934355893,185.5,138.9551849665486
44,0,-0.0028957603499293327,-0.006866519406644833,200.0,123.83795574795576
44,1,-0.005929196765646338,-0.007297535145448315,200.0,146.58014109347442
44,2,-0.008118874579668044,-0.007206323380685516,200.0,152.66435786435787
44,3,-0.0030465406365692616,-0.007304678083293968,194.5,140.18951418951417
45,0,-0.00034456811845302583,-0.006724737856901533,200.0,125.49365236213063
45,1,-0.00445593548938632,-0.007235761239881749,200.0,147.74144237405108
45,2,-0.005625534616410732,-0.007171958407549108,175.5,153.1607848673066
45,3,-0.0049638811498880385,-0.007253791193437318,200.0,141.48974214191603
46,0,0.00011202879250049591,-0.006579274736701489,185.0,126.75974486506402
46,1,-0.0082273175008595,-0.00725685818160468,200.0,148.85332657885849
46,2,-0.0060156240127980706,-0.0071473555480863205,200.0,154.15736391268308
46,3,0.002765269763767719,-0.0070406196837095505,200.0,142.73464124527953
47,0,-0.00130692720413208,-0.006469434163106295,192.0,128.11891684704185
47,1,-0.0032328714616596697,-0.007173025124939158,200.0,149.9188822751323
47,2,-0.001918842364102602,-0.007038428190086658,200.0,155.11241883116884
47,3,-0.003786577843129635,-0.006972827145364136,200.0,143.92766955266953
48,0,-0.0026778160128742455,-0.006392054200856662,200.0,129.58587772771446
48,1,-0.004316415637731552,-0.007114726972139003,200.0,150.9409459021704
48,2,-0.007395197590813041,-0.0070457091982647465,200.0,156.02849191624702
48,3,-0.005887722223997116,-0.006950682146968891,200.0,145.07200282710485
49,0,-0.0013163603842258453,-0.0062905403245240455,165.5,130.30416017316017
49,1,-0.003971938509494066,-0.007051871202886104,200.0,151.92212698412698
49,2,-0.004567932151257992,-0.006996153657324612,200.0,156.90792207792208
49,3,-0.003985167853534222,-0.0068913718611001975,195.0,146.07056277056276
50,0,-0.0060132196173071865,-0.006285102663598224,177.5,131.22956879721588
50,1,-0.0011729675810784102,-0.00693659858285066,200.0,152.86483037659508
50,2,-0.003023515362292528,-0.0069182587887945705,200.0,157.75286478227656
50,3,-0.0025358415208756925,-0.006805969305409521,200.0,147.128002716238
51,0,-0.003113554697483778,-0.006224111356557561,134.0,131.28284632034632
51,1,-0.0053894340991973875,-0.006906845419703481,200.0,153.77127594627595
51,2,-0.007037268206477165,-0.006920547431442312,200.0,158.5653096903097
51,3,-0.004928856901824474,-0.006769870989955963,200.0,148.14477189477188
52,0,0.0008962275460362434,-0.00608976533952749,177.5,132.15486808788697
52,1,-0.006665657553821802,-0.006902294705252884,200.0,154.6435160227613
52,2,-0.003959569707512855,-0.006864679927217229,200.0,159.3470962999265
52,3,-0.002563602104783058,-0.006690507426084776,200.0,149.1231724250592
53,0,-4.816129803657532e-05,-0.005977883783203584,162.5,132.7168149751483
53,1,-0.005129886604845524,-0.006869472333023118,200.0,155.4834509112287
53,2,-0.00022526690736413002,-0.006741727834256987,172.5,159.5906685906686
53,3,-0.003682581055909395,-0.0066348050858963436,200.0,150.06533589866922
54,0,-0.0024574981071054935,-0.005913876770910892,200.0,133.9401456119638
54,1,-0.005198825988918543,-0.0068390969449484895,200.0,156.2928427128427
54,2,-0.003956830501556397,-0.0066910933372987935,200.0,160.3253837072019
54,3,0.008321497682482004,-0.006362872308289464,200.0,150.97323888232978
55,0,-0.00329347588121891,-0.005867083897880677,200.0,135.11978586889302
55,1,-0.0024069586768746378,-0.0067599516187328845,200.0,157.0733276643991
55,2,-0.005288155935704708,-0.0066660408836988995,200.0,161.03385899814472
55,3,4.701269790530205e-05,-0.006248410076035985,200.0,151.84871675943103
56,0,-0.0010004512965679168,-0.005781704378559401,175.0,135.81943874838612
56,1,-0.004905563686043024,-0.006727418497106746,200.0,157.82642717905875
56,2,-0.0031639802269637584,-0.006604601223054423,200.0,161.7174755069492
56,3,-0.0008733184076845646,-0.0061541102222052585,200.0,152.69347611452872
57,0,0.004307331703603268,-0.005607755480591079,200.0,136.926000149276
57,1,-0.004451416060328483,-0.006688177075782983,200.0,158.55355774493705
57,2,-0.0036847066599875688,-0.006554258213346374,200.0,162.37751903269145
57,3,-0.00032142968848347664,-0.006053546764727296,200.0,153.50910583669204
58,0,-0.005138655006885528,-0.005599804625104544,200.0,137.99505099420355
58,1,-0.006550962757319212,-0.0066858514093683435,200.0,159.25603981705677
58,2,-0.001970122568309307,-0.006476560999023711,180.0,162.67620515078144
58,3,-0.0029823832213878632,-0.006001493145348662,200.0,154.29708709369726
59,0,-0.006786589976400137,-0.005619584380959471,200.0,139.02846681096682
59,1,-0.0001649102196097374,-0.0065771690562057,200.0,159.93510582010583
59,2,-0.0035487271845340727,-0.006427763768782218,200.0,163.2982683982684
59,3,-0.0013373233377933502,-0.005923756981889407,200.0,155.05880230880229
60,0,-0.0031768896616995333,-0.0055795402052338985,200.0,140.0280001419346
60,1,0.004231518087908626,-0.006399977463679236,200.0,160.59190736403852
60,2,-0.0021415534429252148,-0.006357498025735381,188.5,163.7114115392804
60,3,-0.006426937086507678,-0.005932005836063477,200.0,155.79554325455965
61,0,-0.0013739431276917457,-0.005511707994305799,200.0,140.99529046222597
61,1,-0.0014312691986560822,-0.0063198370077917655,200.0,161.22752176139272
61,2,-0.0052667628973722454,-0.006339905523665009,200.0,164.29671135316298
61,3,-0.007226661872118711,-0.00595288738503211,200.0,156.50851836335707
62,0,-0.0007587751839309931,-0.005436264616363341,200.0,141.93187315330175
62,1,0.0005085863173007965,-0.0062114493359649,200.0,161.84295792391032
62,2,-0.001399699505418539,-0.0062614895551214135,170.5,164.39517625231912
62,3,-0.005218092631548643,-0.005941223976246658,200.0,157.19885934171649
63,0,-0.001958169788122177,-0.0053819193846720735,200.0,142.8391876352814
63,1,-0.0017746254801750184,-0.006142123963218182,200.0,162.4391617063492
63,2,-0.0018595602363348008,-0.006192709409515373,200.0,164.95150162337663
63,3,-0.010195355117321014,-0.006007694775325945,200.0,157.86762716450215
64,0,-0.0017946365289390088,-0.005326730417660796,200.0,143.71858474858476
64,1,-0.00358755886554718,-0.006102822961715551,200.0,163.01702075702076
64,2,-0.003609522525221109,-0.006152968072833923,200.0,165.4907092907093
64,3,-0.0006661554798483849,-0.005925517247703213,200.0,158.5158175158175
65,0,-0.012649976089596749,-0.0054376886854174,200.0,144.5713334645153
65,1,0.0011961987242102624,-0.005992231724050008,200.0,163.57736892736892
65,2,-0.006316123157739639,-0.006155440119574919,161.0,165.42266824085007
65,3,-0.0016640087589621544,-0.005860948937267743,181.0,158.85648694739604
66,0,-0.0066335521638393406,-0.005455537394050564,200.0,145.39862699489566
66,1,0.0024021906778216363,-0.005866941837454908,200.0,164.12099028666194
66,2,-0.003180960938334465,-0.0061110449079146145,200.0,165.93874781934483
66,3,-0.004696121998131275,-0.005843563460564214,200.0,159.47056923176325
67,0,-0.00799081427976489,-0.00549282087766401,200.0,146.2015883626178
67,1,-0.0019921742379665373,-0.005809959960991844,200.0,164.64862278244632
67,2,-0.00612821402028203,-0.006111297394861194,200.0,166.43964858670742
67,3,-0.003912976244464517,-0.005815172472092159,188.5,159.8974726254138
68,0,-0.001070764008909464,-0.005428733096957422,182.5,146.72765229939145
68,1,-0.00012992890551686287,-0.005727640670332787,200.0,165.1609615827007
68,2,-0.004773425683379173,-0.0060919079497672515,200.0,166.9260304912479
68,3,0.0008290579542517662,-0.005718879277507465,200.0,160.47866867432083
69,0,-0.0036716680973768235,-0.0054036321683919855,200.0,147.48868583797156
69,1,-0.00412457836791873,-0.0057047397802983,200.0,165.65866213151926
69,2,-0.009349616803228855,-0.0061384466476738465,200.0,167.39851576994434
69,3,0.007283480651676655,-0.00553313127851912,189.0,160.88611626468767
70,0,-0.003778265044093132,-0.005380739673683551,200.0,148.22828181208465
70,1,-0.002459312789142132,-0.005659029540986242,200.0,166.1423429465683
70,2,-0.004750134516507387,-0.006118892955685586,143.0,167.05487470276202
70,3,-0.002309654839336872,-0.00548773020191092,200.0,161.43701603560757
71,0,-0.0007113629952073097,-0.005315887219815825,191.5,148.82927789802793
71,1,-0.004914090689271689,-0.005648683168045763,200.0,166.6125881834215
71,2,-0.0025837091729044915,-0.006069793180924736,200.0,167.5124458874459
71,3,0.0008713494054973126,-0.005399409651808026,200.0,161.97261303511303
72,0,-0.0022387752309441567,-0.005273735000790186,162.0,149.00969874873985
72,1,-0.004732003156095743,-0.005636125907608091,200.0,167.06994998912808
72,2,-0.00835037650540471,-0.006101034048383366,200.0,167.9574808752891
72,3,-0.005805288907140493,-0.005404969641607101,200.0,162.49353614422105
73,0,-0.002721681818366051,-0.005239247795622293,147.0,148.98254065754068
73,1,-0.00822421321645379,-0.00567110006043033,200.0,167.51495066495067
73,2,-0.0036357371136546135,-0.006067719224941085,200.0,168.3904878904879
73,3,-0.0058166742324829105,-0.0054105332171594765,200.0,163.00038025038023
74,0,-0.0014568626880645751,-0.0051888159941881895,200.0,149.66277344877346
74,1,-0.005623032711446286,-0.005670459162443875,200.0,167.94808465608466
74,2,-0.002228169422596693,-0.006016525227576493,187.5,168.64528138528138
74,3,-0.006972066778689623,-0.005431353664646545,200.0,163.4937085137085
75,0,-0.0006318218074738979,-0.005128855544363002,171.5,149.95010537707907
75,1,-0.002026171050965786,-0.005622508003082322,200.0,168.36982038429406
75,2,-0.002118923328816891,-0.0059652409920664985,200.0,169.05784347231716
75,3,-0.006347536481916905,-0.005443408701715891,200.0,163.9740544543176
76,0,-0.002096701879054308,-0.0050894769253330184,171.0,150.2234806319222
76,1,-0.003700065053999424,-0.005597541211535792,200.0,168.7806019377448
76,2,-0.0045908291824162005,-0.005947391488045067,200.0,169.45968966098837
76,3,-0.00390885379165411,-0.005423479417169635,200.0,164.4419238769888
77,0,-0.002811315655708313,-0.005060269729568599,152.5,150.2526667776668
77,1,-0.004418149730190635,-0.005582420807928802,200.0,169.18085063085064
77,2,-0.00463616568595171,-0.005930580900838742,159.5,169.33200133200134
77,3,-0.007943349983543157,-0.0054557854500718594,200.0,164.89779664779664
78,0,-0.0034788393415510653,-0.005040251623391162,152.5,150.2811140336457
78,1,-0.005702999792993069,-0.0055839471241954375,200.0,169.57096644565
78,2,-0.0042376074939966205,-0.005909150857714157,200.0,169.72020384678612
78,3,-0.0013595161959528922,-0.005403933940526049,200.0,165.3421283357992
79,0,-0.003827642183750868,-0.005025094005395659,168.0,150.50260010822512
79,1,0.001546454057097435,-0.005494817109429277,191.5,169.84507936507936
79,2,-0.006551660224795341,-0.005917182224802672,200.0,170.09870129870131
79,3,0.009825920406728982,-0.005213560761185362,200.0,165.77535173160172
80,0,-0.0009838868863880634,-0.004975202559481984,149.0,150.48404948960507
80,1,0.006207872834056616,-0.0053503394558059945,200.0,170.21736233588086
80,2,-0.007941615208983422,-0.005942175224607373,200.0,170.4678531345198
80,3,0.0010115547105669976,-0.0051367074837563205,200.0,166.1978782534338
81,0,-0.0023191049695014954,-0.004942811125457832,156.0,150.55131717875622
81,1,-0.001010332629084587,-0.005297412543285002,200.0,170.58056523422377
81,2,-0.003917449153959751,-0.005917483443258011,191.5,170.7243427304403
81,3,-0.0033194909803569315,-0.005114546306885596,199.0,166.59790412839192
82,0,-0.003266831487417221,-0.004922618599698307,143.0,150.46033745371096
82,1,-0.0007300617173314095,-0.005242384220080742,200.0,170.9350162554982
82,2,-0.0034498171880841255,-0.005887752524520977,200.0,171.07706149272414
82,3,-0.0021371450275182724,-0.005078674002314906,200.0,167.0003390184113
83,0,0.0019137630239129066,-0.004841233104179126,179.0,150.80009534116678
83,1,0.0026919770520180465,-0.0051479275382700414,200.0,171.28102796674224
83,2,-0.007671319600194693,-0.005908985465898044,200.0,171.42138218923932
83,3,-0.004035441111773253,-0.005066254563141791,200.0,167.39319212533496
84,0,-0.0006566006224602461,-0.004792002133805963,176.0,151.0965648077413
84,1,-0.0006169318221509457,-0.005094621706315699,200.0,171.61889822595705
84,2,-0.00574440760537982,-0.0059070492557743,200.0,171.7576012223071
84,3,-0.00012378287501633168,-0.005008107837399138,200.0,167.7768016297428
85,0,-0.0037707602605223656,-0.004780127228302665,160.0,151.20009312393034
85,1,-0.004633221309632063,-0.005089256585424029,200.0,171.94891103728312
85,2,-0.01068005720153451,-0.005962549348166862,200.0,172.08600120809425
85,3,-0.0013459764420986175,-0.00496552491419797,200.0,168.15148998288532
86,0,-0.002902613393962383,-0.004758546609517145,146.0,151.14032193859782
86,1,-0.0011195704340934754,-0.005043628008971954,200.0,172.27133734719942
86,2,-0.008821267075836659,-0.005995408172622836,200.0,172.40685176892075
86,3,-0.0038759409449994563,-0.004953000960529021,200.0,168.51756481066826
87,0,-0.0021471468731760978,-0.004728871612513268,200.0,151.69554555293192
87,1,0.0024298165924847128,-0.004958702502137219,200.0,172.5864357864358
87,2,-0.004089976521208882,-0.0059737555402204065,200.0,172.72041027154663
87,3,-0.005365357082337141,-0.004957686825549568,200.0,168.87531975600157
88,0,-0.0030076256953179836,-0.00470953177074703,176.0,151.96862931076416
88,1,-0.0038650128059089183,-0.00494641385386499,200.0,172.8944533618691
88,2,-0.0004892452619969845,-0.005912131829229132,175.5,172.75164161681016
88,3,-0.005490205530077219,-0.004963670181780217,200.0,169.2250352643611
89,0,-0.0040266687981784345,-0.004701944404385156,184.0,152.32453342953343
89,1,-0.004581854399293661,-0.004942363193258642,200.0,173.19562610229278
89,2,-0.005804887041449547,-0.005910940220476025,200.0,173.05440115440115
89,3,-0.005199836753308773,-0.0049662942547972,200.0,169.5669793169793
90,0,0.0005416690371930599,-0.0046443222786535275,152.0,152.32096712811
90,1,-0.0019420666620135307,-0.004909392901706498,200.0,173.49017966160824
90,2,-0.0030378665775060653,-0.0058793679826411906,200.0,173.35050663622093
90,3,-0.005005240347236395,-0.004966722233834993,200.0,169.9014081156938
91,0,-0.0038233088329434396,-0.004635398219461026,200.0,152.83921748541314
91,1,-0.0007574816234409809,-0.004864263431290568,200.0,173.77832988267772
91,2,-0.00432568471878767,-0.005862480121077565,200.0,173.64017504234897
91,3,-0.006541121285408735,-0.004983835267004273,200.0,170.22856672313193
92,0,-0.002103328611701727,-0.0046081716645388834,200.0,153.34632267374204
92,1,-0.005472726095467806,-0.004870806040582796,200.0,174.06028332479946
92,2,-0.005846162140369415,-0.0058623046589194126,200.0,173.92361402038821
92,3,-0.00416576424613595,-0.0049750388044142915,200.0,170.54868966159287
93,0,-0.0045743479393422605,-0.00460781183767509,200.0,153.84263838997882
93,1,-0.005818705027922988,-0.004880890072363011,200.0,174.33623775751434
93,2,-0.004237817414104938,-0.0058450228797192584,194.0,174.1371925946394
93,3,0.0031922214664518835,-0.004888153056851885,190.0,170.75561849498018
94,0,-0.007346070744097233,-0.004636635615637427,200.0,154.32850535429483
94,1,-0.003917108848690986,-0.004870745006850674,200.0,174.6063826232247
94,2,-0.0024859769269824027,-0.005809664501269397,187.5,174.27785372522217
94,3,0.0006772175431251526,-0.0048295702084310745,192.0,170.97924356345408
95,0,-0.0010704029351472854,-0.0045994873585489884,171.0,154.50216675685428
95,1,-0.008690703473985196,-0.004910536240883327,200.0,174.8708994708995
95,2,-0.0024557221680879594,-0.005774727601965423,172.5,174.25933441558445
95,3,-0.0020719610154628755,-0.004800845112670989,200.0,171.2815431096681
96,0,-0.003378177434206009,-0.004586896534586689,200.0,154.9712165841032
96,1,-0.0063621184788644316,-0.004925501006223338,200.0,175.12996236295209
96,2,-0.0038584258407354357,-0.005754971913705321,200.0,174.5247021020217
96,3,0.0027102150022983553,-0.004723411503238315,200.0,171.57760967554782
97,0,-0.002908477373421192,-0.004569769808452348,200.0,155.43069396589806
97,1,-0.009845882281661033,-0.004975708978421683,200.0,175.38373825720765
97,2,-0.004896069411188364,-0.005746207602455148,200.0,174.78465412138883
97,3,-0.0024144776165485383,-0.004699850953374134,200.0,171.86763406661365
98,0,-0.004046439100056887,-0.004564483639680676,181.5,155.69402028947485
98,1,-0.005637027136981487,-0.004982388959821277,200.0,175.63238736572072
98,2,-0.005121453246101737,-0.005739896952390971,200.0,175.03935458480916
98,3,-0.00304899956099689,-0.004683175686784465,200.0,172.1517993790721
99,0,-0.004409748129546642,-0.004562936284579336,200.0,156.1370800865801
99,1,7.891515269875526e-05,-0.004931775918696076,200.0,175.8760634920635
99,2,-0.0031864123418927194,-0.005714362106285989,171.5,175.00396103896105
99,3,-0.010201435815542937,-0.0047383582880720495,200.0,172.43028138528138
100,0,-0.0005811288952827454,-0.004503965598531067,196.5,157.9148073593074
100,1,-0.002792224008589983,-0.004897514570970088,200.0,177.6438412698413
100,2,-0.004691897891461849,-0.005668955599889158,195.0,176.74796103896105
100,3,-0.005096049327403307,-0.0047234854949638255,200.0,174.1702813852814
101,0,-0.0024827751331031322,-0.004460568047594279,200.0,159.6881406926407
101,1,0.0006826592609286309,-0.004822041467297822,200.0,179.40939682539684
101,2,-0.003856406081467867,-0.005547223588451742,163.0,178.19614285714283
101,3,-0.003743123356252909,-0.0046924637127667675,200.0,176.00278138528137
102,0,-0.0036425585858523846,-0.004431375162210316,182.5,161.30859523809525
102,1,-0.004054795298725366,-0.004701955565717071,200.0,181.23523015873016
102,2,-0.001228317990899086,-0.005453165947459638,200.0,179.95280952380952
102,3,-0.004704648442566395,-0.004599527029320597,200.0,177.81369047619046
103,0,-0.002102462761104107,-0.004383610760327428,176.0,162.80734523809525
103,1,-0.003797729965299368,-0.004616981928702443,184.0,182.84411904761907
103,2,-0.0005097542889416218,-0.0053058980070054525,200.0,181.65995238095238
103,3,0.0014552892185747623,-0.004472387348301709,200.0,179.52083333333331
104,0,-0.005813545640558004,-0.004297135494183749,200.0,164.50591666666668
104,1,-0.006253931112587452,-0.004521223892923445,200.0,184.62078571428574
104,2,-0.00016796868294477463,-0.005142869088798761,200.0,183.21995238095238
104,3,0.0016366575844585895,-0.004298131802119315,200.0,181.2875
105,0,-0.003963258303701878,-0.0042485398738645016,165.5,165.94791666666669
105,1,-0.006567388447001577,-0.00445528828445822,200.0,186.2757857142857
105,2,-0.0031156069599092007,-0.004986542801372706,200.0,184.91566666666665
105,3,-0.00713301682844758,-0.004202542458660901,200.0,182.9875
106,0,-0.004097350686788559,-0.0041588421254418785,200.0,167.67166666666665
106,1,-0.008075823076069355,-0.004478356798179447,200.0,187.72828571428573
106,2,-0.004197505582123995,-0.004930576246231794,200.0,185.94233333333332
106,3,0.004338597413152456,-0.004061441446654499,200.0,184.30416666666665
107,0,-0.0035668857395648955,-0.0041558506875298915,200.0,169.32333333333332
107,1,-0.009533175267279148,-0.004401352726854383,200.0,189.40400000000002
107,2,0.0006269585341215133,-0.00476138791302219,200.0,187.50833333333333
107,3,-0.00321657694876194,-0.0039873453322798015,200.0,185.95416666666668
108,0,-0.00447230339050293,-0.004166405797470361,200.0,170.89333333333332
108,1,-0.006336506269872188,-0.004373333328403533,200.0,190.82
108,2,0.00023161331191658973,-0.00465304900938645,200.0,188.745
108,3,-0.006913708336651325,-0.0039956309022381896,200.0,186.6775
109,0,-0.00957215642556548,-0.004159495877567679,200.0,172.53
109,1,-0.0020604814402759076,-0.004279006864875555,197.5,190.795
109,2,0.0010151517577469348,-0.004552432918455452,184.0,189.07
109,3,-0.0073833497241139415,-0.004038420217111707,200.0,186.6775
110,0,-0.005039325915277004,-0.004096336968708783,195.5,174.10333333333332
110,1,-0.006878283619880676,-0.004253845045343042,200.0,191.70833333333337
110,2,-0.0007817910984158516,-0.004560636145528407,200.0,189.705
110,3,-0.004722440335899592,-0.004039466430433094,200.0,187.97083333333333
111,0,-0.0013720499351620673,-0.003969106864649801,200.0,175.4333333333333
111,1,-0.00207125898450613,-0.004282042218372226,200.0,191.89833333333337
111,2,-0.00175744891166687,-0.004473563349340111,200.0,189.99
111,3,-0.0047670422121882435,-0.003946801151148975,200.0,188.41583333333335
112,0,-0.0021416391246020794,-0.003943672541994601,200.0,175.65833333333333
112,1,-0.007846422865986824,-0.004376175165176391,200.0,192.90166666666667
112,2,-0.003612321335822344,-0.004440038960892707,200.0,190.93
112,3,-0.010043093655258416,-0.003943009927868843,200.0,189.70333333333335
113,0,-0.0025796761736273767,-0.003887201861944049,200.0,176.77166666666665
113,1,-0.004451920930296183,-0.004402440990321338,200.0,192.98166666666668
113,2,-0.007689706049859524,-0.004448650586884469,200.0,190.93
113,3,-0.007183868158608675,-0.0039228449147194625,200.0,191.01666666666665
114,0,-0.010081934649497271,-0.0038898377711884674,200.0,178.03833333333333
114,1,-0.003912656754255295,-0.004388960582204162,200.0,192.98166666666668
114,2,-0.00019106995314359664,-0.0043787675513885915,200.0,191.825
114,3,-0.004234486818313598,-0.003838030837476254,200.0,192.00666666666663
115,0,-0.004766544885933399,-0.003854811754543334,188.0,178.905
115,1,-0.003652074094861746,-0.004392954527400434,200.0,192.98166666666668
115,2,0.0009173871017992497,-0.004323815358337015,200.0,191.825
115,3,-0.00802720682695508,-0.003908154402859509,200.0,192.17666666666665
116,0,-0.011586025729775429,-0.0038235494173131882,200.0,179.8
116,1,-0.0030088901519775392,-0.004413179307244718,200.0,193.64666666666668
116,2,0.0034941304475069046,-0.00424155906168744,200.0,191.825
116,3,-0.004225926473736763,-0.0039191216491162775,200.0,192.48166666666665
117,0,-0.008530330192297698,-0.003802085863891989,200.0,181.07
117,1,-0.000992158241569996,-0.004375656056217849,200.0,193.64666666666668
117,2,0.0020989754237234594,-0.004165863698814065,200.0,192.305
117,3,-0.005502294003963471,-0.00393421455193311,200.0,192.48166666666665
118,0,-0.0011491303332149983,-0.003700506879482418,200.0,182.32333333333332
118,1,-0.00295235775411129,-0.004374998293817043,200.0,194.26166666666668
118,2,-0.0036679458804428577,-0.0041960195736028254,200.0,192.305
118,3,0.0031575079075992106,-0.0038031149450689556,200.0,192.88666666666666
119,0,-0.0047789857722818855,-0.003649610901717096,200.0,183.07833333333332
119,1,-0.008375387359410524,-0.004432349398732186,200.0,194.55666666666667
119,2,-0.003094479162245989,-0.004157722344156355,200.0,192.495
119,3,-0.0033068622462451456,-0.0037230378547683358,200.0,193.56
120,0,-0.007518503814935684,-0.003656632335390896,200.0,183.07833333333332
120,1,-0.00303636584430933,-0.004467263555154205,193.0,195.03166666666667
120,2,-0.001335699250921607,-0.004097733815200627,200.0,193.065
120,3,-0.0050797498319298025,-0.003718193495180458,200.0,194.225
121,0,-0.006853989511728287,-0.003665445841383189,200.0,183.76833333333332
121,2,-0.0005619345232844353,-0.004041288602165878,200.0,193.065
121,3,-0.005525807896628976,-0.003668821575120092,200.0,194.225
122,0,-0.007606681529432535,-0.0037301175300963225,200.0,183.76833333333332
122,2,-0.0025395987555384635,-0.0040203273193910715,200.0,193.335
122,3,-0.00821530194953084,-0.0036540115140378483,200.0,194.225
123,0,-0.007323542982339859,-0.00374264419125393,200.0,184.47333333333333
123,2,-0.004087703116238117,-0.004013319401070476,200.0,193.335
123,3,-0.0038010678254067898,-0.0036373142055235812,200.0,194.585
124,0,-0.003522439394146204,-0.003713590489234775,200.0,184.47333333333333
124,2,-0.0011288564652204513,-0.003984489293769002,200.0,193.335
124,3,-0.00184584679082036,-0.003597796660382301,200.0,194.805
125,0,-0.0030578060541301966,-0.0037076183399185536,200.0,184.56833333333333
125,2,-0.002442049514502287,-0.003913621658459305,200.0,193.335
125,3,-0.006779602356255054,-0.003569046661723406,200.0,195.34
126,0,0.0006780207157135009,-0.0036351202270016075,200.0,184.56833333333333
126,2,-0.002000935189425945,-0.0038669008472934363,200.0,193.335
127,0,-0.004765221104025841,-0.003643376261927187,200.0,184.56833333333333
127,2,-0.00026282877661287785,-0.0038407820337451994,200.0,193.79
128,0,-0.007232053438201547,-0.0036444646860472863,200.0,184.63833333333332
128,2,0.0016247794963419437,-0.0038000849816016854,200.0,193.79
129,0,-0.005633749067783356,-0.0036474738703109323,200.0,184.63833333333332
129,2,-0.001569718774408102,-0.0038189914599061014,200.0,193.98
130,0,-0.0041334922425448895,-0.0035830285125412046,186.5,184.50333333333333
130,2,0.006803513132035732,-0.0037060833703726525,200.0,193.98
131,0,-0.004489362332969904,-0.003560274587478489,177.5,184.2783333333333
131,2,-0.002343941107392311,-0.003626281350851059,200.0,193.98
132,0,-0.002323523722589016,-0.003533752331044526,200.0,184.66833333333332
132,2,0.0015245803631842136,-0.003540328257717192,200.0,194.115
133,0,-0.0019108299165964127,-0.0034906531195156277,186.5,184.8683333333333
133,2,-0.005494085233658552,-0.003536894276738167,200.0,194.545
134,0,-0.0030800738371908666,-0.0035141346096061177,163.0,184.96833333333333
134,2,-0.006420837808400392,-0.003530311289243401,200.0,194.665
135,0,-0.002568742260336876,-0.003511490464676172,200.0,185.885
135,2,-0.003961697220802307,-0.003532774527557195,200.0,194.665
136,0,-0.008357766456902027,-0.0035486094499938194,194.0,186.5
136,2,-0.008345115464180708,-0.0035514283776283267,200.0,194.76
137,0,-0.0043218092992901806,-0.0035354632004164156,200.0,186.965
137,2,-0.00017312420532107354,-0.0035051557449623945,193.0,194.69
138,0,-0.005413075815886259,-0.003512767998967319,200.0,187.39
138,2,-5.710143595933914e-05,-0.0034720499971881503,200.0,195.145
139,0,-0.002287678513675928,-0.003481436907779425,200.0,187.8
140,0,-0.002119447849690914,-0.0035158958598040043,200.0,188.185
141,0,-0.0069585588760674,-0.0035408568945713343,200.0,188.185
142,0,-0.0028977102600038053,-0.003497589969541877,200.0,188.525
143,0,-0.003895014803856611,-0.003501091361511499,200.0,188.525
144,0,-0.005842575151473284,-0.0035305595095269384,200.0,188.525
145,0,-0.00822177054360509,-0.003609331533778459,200.0,188.525
146,0,-0.006195302959531546,-0.003672404851298779,200.0,188.675
147,0,-0.0028752507641911507,-0.00368808808689937,200.0,188.755
148,0,-0.004323528334498406,-0.003704545210115611,195.5,188.71
149,0,-0.0013007268309593201,-0.0037043888745829463,200.0,189.055
150,0,-0.004577003605663777,-0.0036900267144665115,200.0,189.28
151,0,-0.005464659258723259,-0.0037135377600789068,200.0,189.94
152,0,-0.006693723052740097,-0.00378943726606667,200.0,190.165
153,0,-0.008251572772860528,-0.003871471380814909,200.0,190.54
154,0,-0.001934077963232994,-0.003866237179376184,200.0,190.54
155,0,-0.004279262758791447,-0.0038760950481519104,200.0,190.54
156,0,-0.0049308199435472485,-0.003915398734621703,200.0,190.79
157,0,-0.0036170185543596745,-0.003994642237201333,200.0,190.79
158,0,-0.006860418897122145,-0.0040118598761037,200.0,190.79
159,0,-0.0036430099047720433,-0.003980424075387419,200.0,190.79
160,0,-0.004032491892576218,-0.003988980097696185,200.0,190.79
161,0,-0.0019583266228437425,-0.0039948239326477045,200.0,190.79
162,0,-0.009538794122636318,-0.004082624122034759,200.0,190.79
163,0,-0.006113963015377521,-0.004124182054307312,200.0,190.79
164,0,0.0002984877675771713,-0.00410325081134215,200.0,190.79
165,0,-0.001140047051012516,-0.003988151520956308,200.0,190.79
166,0,-0.009048707131296397,-0.004012303070630878,200.0,190.79
167,0,-0.0010702455416321754,-0.003943097383249551,166.0,190.45
168,0,-0.005230805184692144,-0.003984697795007378,153.5,190.16
169,0,-0.004818621464073658,-0.003996167328674346,200.0,190.16
170,0,-0.0005581970326602459,-0.0039639666485600175,169.5,189.855
171,0,-0.003961439989507198,-0.003996467418503016,200.0,189.94
172,0,-0.00895187365822494,-0.004063598402775824,175.5,190.075
173,0,-0.005207354435697198,-0.004088455128949136,117.0,189.775
174,0,-0.006305757723748684,-0.004136944079305977,148.5,189.26
175,0,-0.003583603911101818,-0.004166461900342255,167.5,189.22
176,0,0.013841044344007968,-0.004007084438111633,200.0,189.51
177,0,-0.0022920888848602773,-0.004001892170403153,157.5,189.56
178,0,-0.002379377465695143,-0.003990897551644594,164.5,189.68
179,0,-0.006352159567177296,-0.004016142725478858,155.5,189.555
180,0,-0.0005453183315694332,-0.004011757039930672,125.5,189.32
181,0,0.0013462554663419724,-0.003975103435572237,143.0,189.19
182,0,-0.004142084904015064,-0.003983855969738216,200.0,189.76
183,0,-0.004044855013489723,-0.004043442150112242,165.5,189.625
184,0,-8.299369364976883e-05,-0.004037706080824137,200.0,189.865
185,0,-0.0024586839601397513,-0.0040245853178203115,200.0,190.265
186,0,-0.003726558107882738,-0.004032824764959514,152.0,190.325
187,0,0.0008455249480903149,-0.004002898046746851,183.5,190.16
188,0,-0.0008914042264223099,-0.003981735832057893,151.5,189.915
189,0,0.00271315835416317,-0.003914337560534477,200.0,190.075
190,0,-0.004594146832823753,-0.003965695719234646,155.0,190.105
191,0,-0.0036626879125833513,-0.003964089510031044,159.5,189.7
192,0,-0.0011771959252655506,-0.003954828183166683,163.5,189.335
193,0,-0.0024326378479599953,-0.00393341108225286,161.5,188.95
194,0,-0.00047244653105735777,-0.0038646748401224614,162.5,188.575
195,0,-0.006126862578094005,-0.003915239436551928,170.5,188.57
196,0,-0.0030582000501453875,-0.003912039662711323,143.5,188.005
197,0,-0.005694387108087539,-0.003939898760057987,191.0,187.915
198,0,-0.0054983914829790596,-0.003954418283887208,164.0,187.74
199,0,-0.004410280287265778,-0.0039544236054643985,200.0,187.74
200,0,-0.005022401921451092,-0.003998836335726083,192.0,187.695
201,0,-0.004210039880126715,-0.004016108983196317,130.5,187.0
202,0,-0.004923640377819538,-0.004028919801115989,142.5,186.6
203,0,-0.004361415840685367,-0.004051509331911802,160.0,186.44
204,0,-0.005603524809703231,-0.004049409123603254,103.5,185.475
205,0,-0.008937072567641735,-0.004099147266242654,125.5,185.075
206,0,-0.0035877902060747146,-0.0040940516614355145,156.5,184.64
207,0,-0.004242090228945017,-0.0041008037063293154,155.5,184.195
208,0,-0.003903362341225147,-0.004095114295836538,119.5,183.39
209,0,-0.004773273598402739,-0.00404712546756491,141.5,182.805
210,0,-0.0022151042707264424,-0.004018883251119405,183.5,182.685
211,0,-0.0019350246526300906,-0.0040245129982940855,183.5,182.52
212,0,-0.007956972997635602,-0.00408266633702442,131.0,181.83
213,0,-0.0125858667306602,-0.004182728242594749,101.5,180.845
214,0,-0.012630355823785067,-0.004208212454337627,167.0,180.515
215,0,-0.00447491854429245,-0.004205296190921218,189.0,180.525
216,0,-0.003864670917391777,-0.004128082642797381,162.0,180.145
217,0,-0.005964181572198868,-0.004102421156596392,154.0,179.685
218,0,-0.003015332017093897,-0.004121083173435181,173.5,179.42
219,0,-0.0045939751900732516,-0.004119233067613096,184.0,179.26
220,0,-0.00596635565161705,-0.004103711585979909,165.5,178.915
221,0,-0.005799073167145253,-0.004093162422534078,200.0,178.915
222,0,-0.0004922565072774887,-0.0040220181723125276,165.0,178.565
223,0,-0.0024581912904977797,-0.003973364655394106,200.0,178.565
224,0,-0.002189850062131882,-0.003960038762073964,196.0,178.525
225,0,-0.004122031200677156,-0.003970681013539434,185.5,178.38
226,0,-0.0006547301076352596,-0.0039840085217729216,174.0,178.12
227,0,-0.004563288949429989,-0.003981989200226963,184.0,177.96
228,0,-0.00292480094358325,-0.00393891667528078,178.0,177.74
229,0,-0.010183627717196941,-0.003984415461774916,200.0,177.74
230,0,-0.006648010574281216,-0.004009560645092279,200.0,177.875
231,0,-0.0039266996085643765,-0.004003934017848224,198.0,178.08
232,0,-0.0033591531217098238,-0.004014290311839432,200.0,178.08
233,0,0.0018008721061050891,-0.003977173291612417,200.0,178.215
234,0,-0.009365834016352891,-0.0040400308934040365,200.0,178.585
235,0,-0.007472996786236763,-0.004089073438663036,200.0,178.585
236,0,-0.0028316846117377283,-0.004033812620211392,200.0,178.645
237,0,-0.0001498442143201828,-0.003992092969361692,200.0,178.645
238,0,-0.00602494552731514,-0.003998211666475982,200.0,178.645
239,0,-0.00619750814512372,-0.0040373099627904595,200.0,178.645
240,0,-0.005894366931170225,-0.0040750591536052524,200.0,178.645
241,0,-0.003784425463527441,-0.004043317819479852,184.0,178.485
242,0,-0.005288763716816902,-0.0040672283540479845,174.5,178.23
243,0,-0.0038345199078321456,-0.0040666234050877395,164.5,177.875
244,0,-0.0033496991731226445,-0.004041694645304233,165.5,177.53
245,0,-0.005460564885288477,-0.004014082588721067,169.0,177.22
246,0,-0.004535078816115856,-0.00399748034728691,153.5,176.755
247,0,-0.0015119833871722222,-0.00398384767351672,145.5,176.21
248,0,-0.005948986299335957,-0.004000102253165096,122.5,175.48
249,0,-0.0049921881407499315,-0.004037016866263002,139.5,174.875
250,0,-0.00401342948898673,-0.004031381125096232,129.0,174.165
251,0,-0.009084890503436327,-0.004067583437543362,116.66666666666667,173.33166666666668
252,0,-0.004875993262976408,-0.004049406139645726,112.0,172.45166666666668
253,0,0.00016872957348823547,-0.003965203116182238,128.5,171.73666666666668
254,0,-0.003300145734101534,-0.003978863793890923,72.66666666666667,170.46333333333337
255,0,-0.005628640949726105,-0.00399235757580027,118.0,169.64333333333332
256,0,-0.009822436142712831,-0.004041273737791925,105.0,168.69333333333333
257,0,-0.01413394920527935,-0.0041464430443011215,105.5,167.74833333333333
258,0,-0.004318275116384029,-0.004121021606493741,200.0,167.74833333333336
259,0,-0.009280007611960173,-0.004177391583565622,169.0,167.43833333333333
260,0,-0.0072221381589770315,-0.0042092880462296315,155.0,166.98833333333332
261,0,-0.007672828622162342,-0.004266433066222816,154.5,166.53333333333333
262,0,-0.005512928031384945,-0.004226174405310303,200.0,166.53333333333336
263,0,-0.006269149435684085,-0.004227726269513368,200.0,166.53333333333336
264,0,-0.011354575492441654,-0.004344256902113556,200.0,166.53333333333336
265,0,-0.01325526311993599,-0.004465409062802791,200.0,166.53333333333336
266,0,-0.008486963529139756,-0.004459791626781225,84.33333333333333,165.37666666666667
267,0,-0.005465976521372795,-0.004503748936578632,200.0,165.71666666666667
268,0,-0.004689732380211353,-0.004498338208533823,200.0,166.18166666666667
269,0,-0.005065273586660623,-0.004500804729759693,200.0,166.18166666666667
270,0,-0.006960107013583183,-0.004564823829568923,200.0,166.48666666666668
271,0,-0.004194319061934948,-0.0045671526202932,120.66666666666667,165.69333333333336
272,0,-0.005673450604081154,-0.004534368389751762,200.0,165.93833333333336
273,0,-0.004885113053023815,-0.004531145975925028,103.5,165.80333333333337
274,0,-0.0070050666108727455,-0.004538139064796269,121.66666666666667,165.53500000000003
275,0,-0.00738437119871378,-0.004576146737672388,200.0,165.86
276,0,-0.0011187762022018433,-0.004725744943134486,200.0,165.86
277,0,-0.0005780951119959355,-0.004708605005405843,191.5,166.2
278,0,-0.006523921992629767,-0.004750050450675189,186.0,166.415
279,0,-0.004576232470571995,-0.004732291179709136,200.0,166.86
280,0,-0.003571700071915984,-0.0047625549971126,200.0,167.605
281,0,-0.028402804210782052,-0.005060045593883841,200.0,168.175
282,0,-0.007315505668520928,-0.0050917798015289,200.0,168.175
283,0,-0.00807214407250285,-0.005132052692119032,200.0,168.52
284,0,-0.0030075849033892156,-0.005161298604216428,200.0,168.52
285,0,-0.007140106055885553,-0.005208112825173885,200.0,168.52
286,0,-0.002970636636018753,-0.0052005536104552455,200.0,169.0
287,0,-0.007023740978911519,-0.005279246269725264,200.0,169.165
288,0,-0.0038986973464488982,-0.005309319200925529,200.0,169.65
289,0,-0.004059114120900631,-0.005377041925676167,200.0,169.65
290,0,-0.0026364956982433798,-0.005357465414330365,200.0,170.1
291,0,0.004705344140529632,-0.0052737850937992345,200.0,170.505
292,0,0.00010530911386013031,-0.005260960043407978,200.0,170.87
293,0,-0.005558813083916902,-0.005292221795767548,200.0,171.255
294,0,-0.00855627846904099,-0.005373060115147382,200.0,171.63
295,0,-0.00602080412209034,-0.0053719995305873455,200.0,171.925
296,0,-0.0010996010154485703,-0.005352413540240377,200.0,172.49
297,0,-0.003021229337900877,-0.0053256819625385095,200.0,172.58
298,0,-0.0024030424654483797,-0.005294728472363205,200.0,172.94
299,0,-0.007675384823232889,-0.005327379517722875,200.0,172.94
300,0,-0.005949526280164719,-0.0053366507613100125,200.0,173.02
301,0,-0.008429309632629157,-0.005378843458835036,200.0,173.715
302,0,-0.007906148955225945,-0.0054086685446091,200.0,174.29
303,0,-0.006053858250379562,-0.0054255929687060415,200.0,174.69
304,0,-0.0031938320957124234,-0.005401496041566133,200.0,175.655
305,0,0.0027241598814725875,-0.00528488371707499,200.0,176.4
306,0,-0.005567452870309353,-0.0053046803437173376,196.0,176.795
307,0,-0.00360883679240942,-0.005298347809351982,200.0,177.24
308,0,-0.0056187895126640795,-0.005315502081066369,190.0,177.945
309,0,-0.005659233033657074,-0.005324361675418914,200.0,178.53
310,0,-0.005775149911642075,-0.0053599621318280695,200.0,178.695
311,0,-0.0031982714310288428,-0.0053725945996120576,200.0,178.86
312,0,-0.006863070279359817,-0.005361655572429299,200.0,179.55
313,0,-0.004984698630869389,-0.005285643891431391,200.0,180.535
314,0,-0.004278576374053955,-0.00520212609693408,200.0,180.865
315,0,-0.01324180169031024,-0.005289794928394257,200.0,180.975
316,0,-0.008525462727993727,-0.005336402846500277,200.0,181.355
317,0,-0.00180304404348135,-0.005294791471213101,200.0,181.815
318,0,-0.012986861914396287,-0.005394506770186125,200.0,182.08
319,0,-0.007748640701174736,-0.00542605342529714,200.0,182.24
320,0,-0.008043888956308365,-0.005446828758344054,200.0,182.585
321,0,-0.00515955938026309,-0.0054404336204752326,189.0,182.475
322,0,-0.004247229918837548,-0.005477983354590834,200.0,182.825
323,0,-0.0023725781589746474,-0.005477127223275602,200.0,182.825
324,0,-0.0020111837424337865,-0.005475340560078622,200.0,182.865
325,0,-0.002919703908264637,-0.005463317287154495,200.0,183.01
326,0,-0.00806846134364605,-0.0055374545995146044,180.5,183.075
327,0,-0.0011553215794265271,-0.005503374925814569,200.0,183.235
328,0,-0.008115715906023979,-0.005555284075438978,198.5,183.44
329,0,-0.004365071654319763,-0.005497098514810205,176.0,183.2
330,0,-0.002534489193931222,-0.005455963301006705,200.0,183.2
331,0,-0.004887228272855282,-0.005465568587649614,194.5,183.165
332,0,-0.0059964369051158425,-0.005491941425483674,200.0,183.165
333,0,-0.007958287931978702,-0.005589533025864512,199.5,183.16
334,0,-0.002965557621791959,-0.005525530261918903,200.0,183.16
335,0,-0.0039072494022548195,-0.005489872788079084,200.0,183.16
336,0,-0.003936079889535904,-0.005500916740857066,200.0,183.16
337,0,-0.005892200395464897,-0.005558340302668513,200.0,183.16
338,0,-0.002370791044086218,-0.005521798757836224,200.0,183.16
339,0,-0.004345489479601383,-0.0055032785711809995,200.0,183.16
340,0,-0.005445054545998573,-0.005498785447329282,200.0,183.16
341,0,-0.006376367993652821,-0.005524704872630536,200.0,183.32
342,0,-0.004918781854212284,-0.00552100505400449,200.0,183.575
343,0,-0.003561613615602255,-0.005518275991082191,200.0,183.93
344,0,-0.002075793780386448,-0.005505536937154829,200.0,184.275
345,0,-0.006317033153027296,-0.005514101619832218,200.0,184.585
346,0,-0.005131336301565171,-0.005520064194686711,200.0,185.05
347,0,0.007923473604023457,-0.005425709624774755,200.0,185.595
348,0,0.006739008799195289,-0.0052988296737894415,200.0,186.37
349,0,-0.00906214639544487,-0.0053395292563363905,200.0,186.975
350,0,-0.004505964927375317,-0.0053444546107202775,200.0,187.685
351,0,-0.0026833008974790572,-0.005280438714660703,200.0,188.51833333333335
352,0,-0.007135994266718626,-0.005303038724698126,200.0,189.39833333333337
353,0,-0.007260397262871266,-0.0053773299930617215,200.0,190.11333333333334
354,0,-0.00477609671652317,-0.005392089502885937,200.0,191.38666666666668
355,0,-0.0051149498671293255,-0.005386952592059969,200.0,192.20666666666668
356,0,-0.007636335492134094,-0.005365091585554182,200.0,193.15666666666667
357,0,-0.0035626454278826713,-0.005259378547780215,200.0,194.1016666666667
358,0,-0.006113959103822708,-0.005277335387654601,177.0,193.87166666666667
359,0,-0.0010285696014761924,-0.0051948210075497625,179.0,193.9716666666667
360,0,-0.004621534794569016,-0.005168814973905684,200.0,194.42166666666668
361,0,-0.003064894676208496,-0.005122735634446145,200.0,194.87666666666667
362,0,-0.004136860836297274,-0.005108974962495267,200.0,194.87666666666667
363,0,-0.012863046862185002,-0.005174913936760276,200.0,194.87666666666667
364,0,-0.0054232323542237285,-0.0051156005053780975,200.0,194.87666666666667
365,0,-0.003952638059854507,-0.005022574254777282,200.0,194.87666666666667
366,0,-0.00553986169397831,-0.004993103236425668,200.0,196.03333333333336
