0,0,-0.007192225288599729,-0.007192225288599729,30.285714285714285,30.285714285714285
0,1,-0.006430541910231113,-0.006430541910231113,23.3,23.3
0,2,-0.007642950862646103,-0.007642950862646103,20.4,20.4
0,3,-0.008323871809989215,-0.008323871809989215,22.9,22.9
1,0,-0.01612926535308361,-0.01166074532084167,24.5,27.392857142857142
1,1,-0.014601190015673638,-0.010515865962952375,26.77777777777778,25.03888888888889
1,2,-0.014883451350033283,-0.011263201106339693,21.2,20.799999999999997
1,3,-0.015722486935555936,-0.012023179372772575,26.555555555555557,24.727777777777778
2,0,-0.00924576325342059,-0.010855751298367975,23.2,25.995238095238093
2,1,-0.016382760740816592,-0.01247149755557378,24.11111111111111,24.72962962962963
2,2,-0.0057947739027440544,-0.00944039203847448,22.88888888888889,21.496296296296293
2,3,-0.005809023976325989,-0.009951794240623714,20.3,23.251851851851853
3,0,-0.02053292477503419,-0.013275044667534529,21.8,24.94642857142857
3,1,-0.015634333621710537,-0.013262206572107969,23.0,24.297222222222224
3,2,-0.010791867785155774,-0.009778260975144802,28.875,23.34097222222222
3,3,-0.007450528629124165,-0.009326477837748827,29.875,24.90763888888889
4,0,-0.009214517008513213,-0.012462939135730267,38.75,27.707142857142856
4,1,-0.017785813100636004,-0.014166927877813576,35.0,26.43777777777778
4,2,-0.01737465038895607,-0.011297538857907055,34.166666666666664,25.506111111111107
4,3,-0.01556369299069047,-0.010573920868337156,32.5,26.426111111111112
5,0,-0.013199001457542181,-0.012585616189365587,36.5,29.172619047619047
5,1,-0.01570036690682173,-0.014422501049314937,51.5,30.614814814814817
5,2,-0.009503440372645855,-0.010998522443696855,42.2,28.288425925925925
5,3,-0.011912300810217857,-0.010796984191983938,34.666666666666664,27.799537037037037
6,0,-0.016147088073194028,-0.013094397887055364,45.6,31.519387755102038
6,1,-0.010946377739310264,-0.013925912005028554,42.8,32.355555555555554
6,2,-0.004551553074270487,-0.01007752681949309,60.75,32.92579365079365
6,3,-0.011987228039652109,-0.010967019027365105,78.66666666666667,35.06626984126984
7,0,-0.01065133404918015,-0.012789014907320963,51.25,33.98571428571428
7,1,-0.012447119690477848,-0.013741062965709715,29.0,31.936111111111114
7,2,-0.012099131941795349,-0.01033022745978087,101.33333333333333,41.47673611111111
7,3,-0.009522536024451255,-0.010786458652000874,28.714285714285715,34.27227182539683
8,0,-0.004465528577566147,-0.011864183092903761,200.0,52.43174603174603
8,1,-0.014333495497703552,-0.013806888802597918,56.5,34.665432098765436
8,2,-0.012896630074828863,-0.010615383305897313,89.33333333333333,46.79413580246913
8,3,-0.0049448847770690914,-0.010137394888119565,200.0,52.68646384479718
9,0,-0.018605650402605534,-0.012538329823873939,53.75,52.56357142857142
9,1,-0.015224879328161477,-0.013948687855154273,100.5,41.24888888888889
9,2,-0.01086200438439846,-0.01064004541374743,100.5,52.16472222222221
9,3,-0.009723704867064953,-0.010096025886014102,71.66666666666667,54.58448412698412
10,0,-0.00837688073515892,-0.01216001627035439,200.0,65.96688311688311
10,1,-0.015642332658171654,-0.01410265556451949,50.4,42.08080808080808
10,2,-0.011352046299725771,-0.010704772767018188,110.5,57.467929292929284
10,3,-0.009837011015042663,-0.010072479079562154,44.2,53.64044011544012
11,0,-0.010600036941468716,-0.012030017992947251,107.66666666666667,69.44186507936507
11,1,-0.008326532784849405,-0.013621311999546984,107.66666666666667,47.5462962962963
11,2,-0.00275563383474946,-0.01004234452266246,116.0,62.345601851851846
11,3,-0.0060780860483646395,-0.009739612993629028,120.66666666666667,59.225958994708996
12,0,-0.00990904145874083,-0.01186686595185445,79.33333333333333,70.20274725274724
12,1,-0.010730906948447227,-0.013398973149462387,161.0,56.27350427350427
12,2,-0.00955053223297,-0.010004512808070732,140.0,68.31901709401708
12,3,-0.005109790898859501,-0.00938347283249291,146.0,65.90088522588522
13,0,-0.00409971522167325,-0.01131206947112722,200.0,79.47397959183672
13,1,-0.014723621588200331,-0.013493590895086527,68.0,57.11111111111111
13,2,-0.011071242392063141,-0.010080707778355904,141.5,73.54623015873015
13,3,-0.0060014508664608,-0.009141899834919188,107.0,68.83653628117914
14,0,-0.010563756339251995,-0.011262181929002206,200.0,87.5090476190476
14,1,-0.005494584608823061,-0.012960323809335629,123.0,61.5037037037037
14,2,-0.005311895627528429,-0.009762786968300739,169.0,79.90981481481481
14,3,-0.008181551471352577,-0.009077876610681414,200.0,77.58076719576721
15,0,0.012836523354053497,-0.009756012848811224,156.0,91.78973214285715
15,1,-0.0061315411236137155,-0.01253352489147801,180.0,68.90972222222223
15,2,-0.010447772778570652,-0.00980559858144261,200.0,87.41545138888888
15,3,0.002709384448826313,-0.008341172794462181,161.5,82.82571924603175
16,0,-0.004903496988117695,-0.009470570739358664,176.5,96.77268907563025
16,1,-0.016012902464717628,-0.012738194160492105,114.0,71.56209150326798
16,2,-0.006616811687126756,-0.009618022881776971,131.0,89.97924836601307
16,3,-0.0046575373038649556,-0.008124488353838815,200.0,89.71832399626518
17,0,-0.0053273486904799935,-0.009240391736643183,159.5,100.25753968253969
17,1,-0.010417568404227496,-0.012609270507366294,59.75,70.90586419753087
17,2,-0.007887319289147854,-0.009521872682186464,200.0,96.091512345679
17,3,-0.003112794691696763,-0.007846060928164256,136.0,92.2895282186949
18,0,-0.006972823198884726,-0.00912104602412958,171.5,104.00714285714287
18,1,-0.006730043236166239,-0.012299837493092608,107.5,72.83187134502924
18,2,-0.006288964208215475,-0.009351719604609043,200.0,101.56038011695905
18,3,-0.003230861201882362,-0.007603155679412578,200.0,97.95850041771095
19,0,-0.005571580026298761,-0.008943572724238038,200.0,108.80678571428571
19,1,-0.015222550183534623,-0.012445973127614708,76.66666666666667,73.02361111111112
19,2,-0.009569581411778928,-0.009362612694967538,200.0,106.48236111111109
19,3,-0.003337926138192415,-0.00738989420235157,200.0,103.0605753968254
20,0,-0.010532262548804284,-0.009019224620645956,131.5,109.88741496598638
20,1,-0.010469469614326954,-0.012351853912696244,107.5,74.66534391534393
20,2,-0.0068351361900568005,-0.00924225667092417,200.0,110.935582010582
20,3,-0.007076392974704504,-0.007374965572463614,200.0,107.67673847316705
21,0,-0.007272624690085649,-0.008939833714711397,200.0,113.98344155844156
21,1,-0.00913613848388195,-0.01220568502956832,69.66666666666667,74.43813131313132
21,2,-0.005933995079249144,-0.00909188114402985,200.0,114.98396464646463
21,3,-0.002511351183056831,-0.007153892191126943,200.0,111.87325036075036
22,0,-0.006029082555323839,-0.008813279316477155,188.0,117.20155279503105
22,1,-0.008787807263433933,-0.012057081648432043,126.5,76.70169082125605
22,2,-0.0055562412366271016,-0.008938157669794947,181.5,117.87596618357486
22,3,-0.0027052834630012512,-0.006960474420338869,200.0,115.70484817115252
23,0,-0.005698692984879017,-0.008683504885993898,200.0,120.6514880952381
23,1,-0.0044293454848229885,-0.011739259308281666,174.5,80.77662037037037
23,2,-0.005354066006839275,-0.008788820517171796,191.0,120.92280092592591
23,3,-0.004290248267352581,-0.006849214997297774,200.0,119.21714616402117
24,0,-0.005980979651212692,-0.00857540387660265,182.0,123.10542857142856
24,1,-0.010635973140597343,-0.011695127861574292,200.0,85.54555555555555
24,2,-0.0011005892418324947,-0.008481291266158222,200.0,124.08588888888887
24,3,-0.0048549391329288484,-0.006769443962723016,200.0,122.44846031746032
25,0,-0.0011979475617408752,-0.008291655556800274,200.0,126.06291208791208
25,1,-0.004721564427018166,-0.011426913883322133,137.5,87.5438034188034
25,2,-0.003637111373245716,-0.008294976654892356,175.0,126.04412393162391
25,3,-0.0031752979382872583,-0.0066312075771677945,183.0,124.77736568986569
26,0,-0.0005485910922288894,-0.008004875391445778,173.5,127.81984126984126
26,1,-0.0003975439816713333,-0.011018418701779512,194.0,91.48662551440329
26,2,-0.0024720590561628343,-0.008079313040124596,200.0,128.78323045267487
26,3,0.0017582008615136147,-0.006320488746105519,193.0,127.30412992357437
27,0,-0.00661769500002265,-0.007955333234609238,171.5,129.3798469387755
27,1,-0.005702824611216783,-0.010828576055687987,169.0,94.25496031746032
27,2,-0.0028871585614979266,-0.007893878951602215,165.0,130.0766865079365
27,3,0.0022026536986231803,-0.006016090801650923,178.5,129.13255385487528
28,0,-0.005360612366348505,-0.007865860101220937,174.0,130.91847290640393
28,1,0.002297747880220413,-0.010375944195829077,200.0,97.90134099616857
28,2,0.0024461057037115097,-0.007537327756591398,200.0,132.48783524904212
28,3,-0.0051874881610274315,-0.005987518296801837,200.0,131.57625889436235
29,0,-0.002844170946627855,-0.007698470462734501,200.0,133.22119047619046
29,1,-0.0024413777515292167,-0.010111458647685747,200.0,101.30462962962962
29,2,-0.007368953712284565,-0.007531715288447837,200.0,134.73824074074074
29,3,-0.005856261029839516,-0.00598314305456976,200.0,133.85705026455028
30,0,-0.009908713027834892,-0.007769768609995804,119.0,132.76244239631336
30,1,-0.007014381512999534,-0.010011552933663612,151.0,102.90770609318996
30,2,0.006147870514541865,-0.007090438327061073,198.0,136.77894265232973
30,3,-0.003956551849842072,-0.005917769144739834,191.0,135.70037122375834
31,0,-0.011079677939414978,-0.007873203276540154,162.5,133.69174107142857
31,1,-0.0034452032297849653,-0.009806354505417404,148.0,104.31684027777777
31,2,0.007891722954809666,-0.006622245787002613,200.0,138.75460069444443
31,3,-0.0059611680917441845,-0.005919125361833722,175.5,136.9441096230159
32,0,-0.00415344974026084,-0.007760483472410477,162.5,134.5647186147186
32,1,-0.006041425839066505,-0.009692265757952226,200.0,107.21632996632997
32,2,-0.003177359513938427,-0.006517855293879456,193.0,140.39840067340066
32,3,-0.003715587500482798,-0.00585235148724733,198.0,138.79428811928813
33,0,-0.004089649207890034,-0.0076525177587481105,183.0,135.9892857142857
33,1,-0.0034943999722599982,-0.009509975587784807,183.5,109.45996732026143
33,2,-0.0037989138625562193,-0.006437886428252302,146.0,140.56315359477122
33,3,-0.004393173567950726,-0.005809434489620959,200.0,140.59445611577965
34,0,-0.007180615980178118,-0.007639034850788968,165.0,136.8181632653061
34,1,-0.0017142726108431816,-0.009287241217015046,199.0,112.01825396825396
34,2,-0.005970031674951315,-0.006424519149586559,152.0,140.88992063492063
34,3,-0.0060778394341468815,-0.0058171032023217,200.0,142.29175736961452
35,0,-0.008010402694344521,-0.007649350624221066,120.5,136.36488095238096
35,1,0.003659072145819664,-0.008927621401380748,185.5,114.05941358024691
35,2,-0.006087633315473795,-0.006415161209750093,138.5,140.82353395061727
35,3,-0.005581780336797237,-0.005810566456057131,200.0,143.89476410934745
36,0,-0.006989315338432789,-0.007631511832713275,165.0,137.1388030888031
36,1,-0.0012864389456808567,-0.008721102956632103,182.5,115.90915915915916
36,2,-0.00536792166531086,-0.006386857438278762,158.0,141.28776276276275
36,3,-0.005349102430045605,-0.0057980944553541166,200.0,145.41112183612185
37,0,-0.011925269849598408,-0.007744505464736567,147.5,137.41146616541354
37,1,-0.0025292770005762577,-0.008558160168314843,194.5,117.97733918128654
37,2,-0.008952480275183916,-0.006454373828723635,150.5,141.53019005847952
37,3,-0.0025764845311641695,-0.005713315246822802,200.0,146.84767126148708
38,0,-0.0069650402292609215,-0.007724519176647448,184.0,138.60604395604395
38,1,-0.0015787797048687935,-0.00837920169489315,200.0,120.08048433048432
38,2,-0.005543959513306618,-0.00643102987191807,149.0,141.72172364672363
38,3,-0.002204069122672081,-0.005623334576972784,183.0,147.77465404965406
39,0,-0.008955971151590348,-0.007755305476021021,200.0,140.14089285714286
39,1,-0.00458946730941534,-0.008284458335256203,200.0,122.07847222222222
39,2,-0.00799310440197587,-0.0064700817351695155,126.5,141.34118055555555
39,3,-0.0031388336792588234,-0.0055612220545299355,200.0,149.08028769841272
40,0,-0.003842055145651102,-0.007659860346011999,145.0,140.25940766550522
40,1,-0.008139516413211822,-0.008280923166425853,200.0,123.9789972899729
40,2,-0.00741265332326293,-0.006493071286098623,157.5,141.73529810298103
40,3,-0.003119041305035353,-0.005501656670395921,200.0,150.32223190089044
41,0,-0.0030206958763301373,-0.007549404049114812,137.0,140.18180272108845
41,1,-0.004299126844853163,-0.008186118492102693,182.5,125.3723544973545
41,2,-0.00366520369425416,-0.006425741105340421,134.5,141.5630291005291
41,3,-0.00809806091710925,-0.005563475819127191,200.0,151.5050359032502
42,0,-0.0030072185210883616,-0.007443771827532802,168.0,140.82873754152823
42,1,-0.0029402668587863445,-0.008064121942490685,173.5,126.49160206718346
42,2,-0.004333147592842579,-0.006377076139933494,116.0,140.96854005167958
42,3,-0.009179307613521814,-0.0056475649306247395,200.0,152.63282576596532
43,0,-0.005946896225214005,-0.007409751927480101,200.0,142.17353896103896
43,1,-0.00505018811672926,-0.007995623446450653,151.0,127.0486111111111
43,2,-0.004870791919529438,-0.006342842407651584,136.0,140.85561868686867
43,3,-0.005408279225230217,-0.005642126619138501,200.0,153.70935245310247
44,0,-0.0019975513219833373,-0.007289480802913506,126.5,141.8252380952381
44,1,-0.003840060066431761,-0.007903277593561344,200.0,128.66975308641975
44,2,-0.005675041629001498,-0.0063280023903482495,149.0,141.0366049382716
44,3,-0.007040537055581808,-0.005673202406615019,200.0,154.7380335097002
45,0,-0.007143536861985922,-0.0072863081085455155,173.5,142.5138198757764
45,1,-0.0011491427198052407,-0.007756448574566647,152.0,129.17693236714976
45,2,-0.007399539835751057,-0.006351296682639614,200.0,142.31841787439612
45,3,-0.008370130136609078,-0.005731831270310542,200.0,155.7219893029676
46,0,-0.006860401108860969,-0.007277246257488398,191.0,143.5454407294833
46,1,-0.00710745882242918,-0.007742640281967978,200.0,130.6838061465721
46,2,-0.0031218458898365498,-0.006282584963643804,148.0,142.43930260047281
46,3,0.0014313604682683946,-0.00557942293544716,200.0,156.664074636947
47,0,-0.00990912076085806,-0.007332076976308599,133.5,143.3361607142857
47,1,-0.004009281657636166,-0.0076648619772943976,200.0,132.1278935185185
47,2,-0.002478098124265671,-0.00620332482115676,130.5,142.1905671296296
47,3,-0.004636033158749342,-0.0055597689817659555,200.0,157.56690641534394
48,0,-0.00901034139096737,-0.0073663272704853075,200.0,144.49256559766764
48,1,-0.004892829153686762,-0.007608289878853426,190.5,133.3191609977324
48,2,-0.005746016837656498,-0.0061939920051669595,162.0,142.59484126984125
48,3,-0.006296178791671991,-0.005574797753396691,200.0,158.4328879170716
49,0,-0.014586465619504451,-0.0075107300374656905,200.0,145.60271428571428
49,1,-0.005253706127405167,-0.007561198203824461,200.0,134.65277777777777
49,2,-0.00639500068500638,-0.006198012178763748,200.0,143.74294444444445
49,3,6.942916661500931e-05,-0.005461913214996457,200.0,159.26423015873016
50,0,-0.0039534449577331545,-0.0074409793496277975,124.5,145.1889355742297
50,1,-0.006591628864407539,-0.007542187040306483,200.0,135.93409586056646
50,2,-0.008543070405721664,-0.0062439937126256674,200.0,144.8460239651416
50,3,-0.005404807813465595,-0.005460793501240949,200.0,160.0629707438531
51,0,-0.008521858230233192,-0.007461765481947132,165.5,145.57953296703297
51,1,-0.00196005841717124,-0.007434838412938497,178.5,136.75267094017093
51,2,-0.010588399786502122,-0.006327539983277138,155.0,145.04129273504273
51,3,-0.0055145066231489185,-0.005461826445893025,200.0,160.83099053724055
52,0,-0.01558942012488842,-0.007615117456342251,70.66666666666667,144.1660826594789
52,1,-0.004720219224691391,-0.00738361918297157,196.5,137.87997903563942
52,2,-0.005032920464873314,-0.006303113199911028,200.0,146.07824947589097
52,3,-0.006412923336029053,-0.005479771670235214,200.0,161.57002845163223
53,0,-0.006019081361591816,-0.00758556123236539,134.5,143.9870811287478
53,1,-0.0028641683049499987,-0.007299925648193394,190.5,138.85442386831275
53,2,-0.005617995467036963,-0.006290425834487434,200.0,147.07680041152264
53,3,-0.004318646155297756,-0.005458269345884521,200.0,162.28169459141682
54,0,-0.0071953898295760155,-0.007578467206860129,106.5,143.30549783549785
54,1,-0.004213563725352287,-0.00724380997686901,176.5,139.5388888888889
54,2,-0.011213259398937225,-0.006379931899295612,200.0,148.0390404040404
54,3,-0.0012030624318867921,-0.0053809019474481985,200.0,162.96748196248197
55,0,-0.019100617617368698,-0.007784219892762069,55.75,141.74200680272108
55,1,-0.005902442801743746,-0.007219856991598915,200.0,140.6185515873016
55,2,-0.011102103535085917,-0.006464256392791868,200.0,148.96691468253968
55,3,-0.006843823194503784,-0.00540702554114562,200.0,163.62877692743763
56,0,-0.005876520834863186,-0.007750751488237528,116.5,141.29916457811194
56,1,-0.005986133310943842,-0.007198212716499703,134.0,140.5024366471735
56,2,0.000988658331334591,-0.006333503502894912,194.0,149.75696881091616
56,3,-0.00613952106796205,-0.005419876339861698,200.0,164.2668685602896
57,0,-0.007647902052849531,-0.007748978222110148,195.0,142.22504105090312
57,1,-0.004153060261160135,-0.007145710087959365,160.5,140.84722222222223
57,2,-0.003843364119529724,-0.006290570065250686,182.0,150.31288314176246
57,3,0.002608505915850401,-0.0052814559561425245,200.0,164.88295703338804
58,0,-0.006276986468583346,-0.007724029209338508,200.0,143.20427764326067
58,1,-0.005014430917799473,-0.007109586712193943,169.5,141.3328625235405
58,2,-0.005488116480410099,-0.006276969157033048,171.0,150.6635122410546
58,3,-0.004708222579210997,-0.005271740136194533,200.0,165.47816115146622
59,0,-0.012347672739997506,-0.00780108993484949,200.0,144.150873015873
59,1,-0.003691684827208519,-0.007052621680777519,200.0,142.31064814814818
59,2,-0.006632478069514036,-0.006282894305574398,172.0,151.01912037037036
59,3,-0.010207545012235641,-0.005354003550795217,200.0,166.0535251322751
60,0,-0.004250899702310562,-0.0077428900949718035,200.0,145.06643247462918
60,1,-0.007081361440941692,-0.007053092824386768,143.0,142.32194899817853
60,2,-0.006808118894696236,-0.00629150454474033,187.0,151.608970856102
60,3,-0.0018818676471710205,-0.005297083290080067,200.0,166.6100247202706
61,0,-0.004772253334522247,-0.00769497659883552,200.0,145.95245775729646
61,1,-0.009947932465001941,-0.007099783786332173,149.0,142.4296594982079
61,2,-0.0060384167358279225,-0.00628742248330626,185.5,152.15560035842293
61,3,0.00015410175547003746,-0.00520916095063571,200.0,167.14857270865335
62,0,-0.00670067397877574,-0.0076791940175647295,200.0,146.81035525321238
62,1,-0.00491483872756362,-0.007065102118732672,157.0,142.6609347442681
62,2,-0.0033930939622223376,-0.006241480760749371,200.0,152.9150352733686
62,3,-0.005945211928337813,-0.005220844299488124,200.0,167.6700239355001
63,0,0.004182688798755408,-0.007493852098559728,200.0,147.64144345238097
63,1,-0.004115418810397386,-0.007019013317039935,142.0,142.6506076388889
63,2,-0.0032551078125834464,-0.006194818683434277,164.5,153.09605034722222
63,3,-0.003120798710733652,-0.005188031087163836,200.0,168.17517981150792
64,0,-0.0037480102851986884,-0.007436223762969558,160.0,147.8315750915751
64,1,-0.001745467260479927,-0.006937881839246704,140.5,142.6175213675214
64,2,-0.003910498134791851,-0.0061596752903782396,176.0,153.4484188034188
64,3,-0.0037525134161114694,-0.005165946199916877,200.0,168.6647924297924
65,0,-0.0046677390113472935,-0.0073942770243086145,139.0,147.69776334776336
65,1,-0.006453327927738428,-0.006930540113314761,142.0,142.608164983165
65,2,-0.006454580370336771,-0.0061641435491654895,143.5,153.29768518518517
65,3,-0.002568457368761301,-0.005126590308535732,200.0,169.13956830206828
66,0,-0.006767348479479551,-0.00738491988184848,131.0,147.4485429992893
66,1,-0.0013886075466871262,-0.006847824701872557,184.5,143.233416252073
66,2,-0.0041397764347493645,-0.006133929114621966,165.5,153.47980928689884
66,3,-0.006418378138914704,-0.005145870723914523,200.0,169.60017176024635
67,0,-0.0010293657891452313,-0.007291455851073432,105.66666666666667,146.83410364145658
67,1,-0.00522614261135459,-0.006823976435835528,200.0,144.06821895424838
67,2,-0.006304304860532284,-0.006136434640297118,200.0,154.16392973856208
67,3,-0.004119360074400902,-0.005130774979068734,200.0,170.0472280578898
68,0,-0.005181162897497415,-0.007260871895224504,112.5,146.33650793650796
68,1,-0.001353261829353869,-0.006744690716901011,149.5,144.14694041867958
68,2,-0.005574862100183963,-0.00612829590783171,159.5,154.24126409017714
68,3,-0.0029000560753047466,-0.005098445719593894,200.0,170.48132620197836
69,0,0.0020796820521354676,-0.007127435410262219,110.5,145.82455782312925
69,1,-0.0031275981105864047,-0.006693017965382231,145.5,144.16626984126987
69,2,-0.0027319731190800665,-0.006079777010849544,139.5,154.0306746031746
69,3,-0.0031931666657328607,-0.005071227447395879,200.0,170.9030215419501
70,0,-0.005205996427685022,-0.00710037288938085,92.66666666666667,145.0758551307847
70,1,-0.009866649750620127,-0.006737717004610934,140.5,144.1146322378717
70,2,-0.0016127298586070538,-0.006016860853775706,181.0,154.410524256651
70,3,-0.0041402743197977545,-0.005058115431514215,200.0,171.3128381399508
71,0,-0.00860647689551115,-0.0071212910005771035,119.0,144.71369047619046
71,1,-0.004261521808803082,-0.006703325404669159,147.0,144.15470679012347
71,2,-0.005245857872068882,-0.006006152479029778,160.0,154.48815586419752
71,3,-0.006857994385063649,-0.005083113750313512,200.0,171.7112709435626
72,0,-0.008193933218717576,-0.007135984729592725,96.33333333333333,144.05094585779517
72,1,-0.006788456253707409,-0.006704491580683381,169.0,144.49505327245055
72,2,-0.003761809878051281,-0.005975408059838292,139.5,154.2828386605784
72,3,-0.003865413833409548,-0.005066432929534005,180.5,171.8316644922809
73,0,-0.0071565474383533,-0.007136262604035435,126.0,143.80701415701415
73,1,-0.004258413799107075,-0.006671436475526944,146.5,144.52214714714717
73,2,0.00330439954996109,-0.005850005254300463,166.5,154.44793543543543
73,3,-0.0047535523772239685,-0.005062204813962248,189.5,172.07042578292575
74,0,-0.009222796279937029,-0.007164083053047457,112.5,143.3895873015873
74,1,-0.006072628498077393,-0.00666345236916095,163.5,144.7751851851852
74,2,-0.003913361206650734,-0.005824183333665133,144.0,154.30862962962962
74,3,-0.0017572090029716492,-0.005018138203149041,199.5,172.43615343915343
75,0,-0.01035351837053895,-0.007206049307224977,148.5,143.45682957393484
75,1,-0.004013717174530029,-0.006628587432389491,156.5,144.92945906432752
75,2,-0.005298985727131366,-0.00581727283884232,155.0,154.31772660818714
75,3,-0.0001857869327068329,-0.0049545546338011165,200.0,172.7988356307435
76,0,-0.0038565350230783226,-0.00716254912171658,120.0,143.152195423624
76,1,-0.005044146627187729,-0.006608010279075183,200.0,145.64466089466092
76,2,-0.006827774364501238,-0.005830396235279449,176.0,154.59931457431458
76,3,-6.985384970903397e-05,-0.004891116961280441,200.0,173.1520975056689
77,0,-0.0017280403524637222,-0.0070928759323671845,161.0,143.38101343101343
77,1,-0.004367850068956613,-0.006579290276381355,170.5,145.9633190883191
77,2,-0.005702556576579809,-0.0058287572652961205,177.0,154.88650284900285
77,3,-0.003366971015930176,-0.004871576628647745,200.0,173.49630138380138
78,0,0.004552624654024839,-0.006945464532539438,165.0,143.65467148884872
78,1,-0.003255442949011922,-0.00653721625957921,185.0,146.4574542897328
78,2,-0.003916008956730365,-0.005804545261390225,162.0,154.97654711673698
78,3,-0.0017842691391706466,-0.004832496787008794,200.0,173.83179123970262
79,0,-0.0018462721258401872,-0.0068817246274556956,165.0,143.9214880952381
79,1,-0.004308628290891648,-0.006509358909970615,177.5,146.84548611111114
79,2,-0.004168194346129894,-0.005784090874949471,159.5,155.03309027777777
79,3,-0.006229312997311354,-0.004849956989637577,200.0,174.15889384920632
80,0,-0.005694087408483028,-0.006867062439567144,158.0,144.09529688418579
80,1,-0.0042575100436806675,-0.006481558306683085,191.5,147.39677640603568
80,2,-0.0024249812588095663,-0.005742620385861324,168.5,155.19934842249657
80,3,-0.0005030161701142788,-0.004796291053594079,200.0,174.47791985106798
81,0,-0.010405826754868031,-0.006910218101948862,147.0,144.13072009291523
81,1,-0.007053864374756813,-0.006488537648976668,200.0,148.03827913279136
81,2,-0.0038006655871868134,-0.005718938010267733,176.5,155.45911246612465
81,3,-0.0028001890517771245,-0.004771948346254848,200.0,174.789164730933
82,0,0.001487878430634737,-0.00680903621601412,140.5,144.08697647733794
82,1,-0.0019140358082950116,-0.006433423168968454,167.0,148.26673360107097
82,2,-0.003122477047145367,-0.005687655348061439,144.0,155.32105087014725
82,3,-0.0023087171837687494,-0.004742270862369473,200.0,175.09290973417478
83,0,-0.006660233158618212,-0.0068072647510451206,139.0,144.0264172335601
83,1,-0.006011013500392437,-0.006428394482437788,200.0,148.88260582010585
83,2,-0.001100071519613266,-0.005633041254865627,170.5,155.50175264550265
83,3,0.004133214242756367,-0.0046366103254036894,200.0,175.38942271352985
84,0,-0.00015155421569943429,-0.006728962274158702,131.0,143.87316526610644
84,1,-0.008444762649014592,-0.006452116460868104,200.0,149.4839869281046
84,2,-0.005966437794268131,-0.005636963567093892,168.0,155.6487908496732
84,3,-0.002779072429984808,-0.004614756938398762,200.0,175.6789589169001
85,0,-0.006543869012966752,-0.0067268100269355395,138.5,143.8106866002215
85,1,-0.010434769745916127,-0.006498426382787267,200.0,150.07138242894058
85,2,-0.00464197788387537,-0.005625393966126235,149.5,155.57729328165374
85,3,-2.681901678442955e-05,-0.004561408823031153,200.0,175.96176172019193
86,0,-0.001984772365540266,-0.0066723038469195025,120.5,143.54274767378217
86,1,-0.005572401639074087,-0.006487782420215852,200.0,150.64527458492978
86,2,-0.006520485226064921,-0.005635682371412887,181.0,155.86950830140486
86,3,-0.002420790679752827,-0.004536804016786574,200.0,176.23806330961503
87,0,-0.007823300547897816,-0.006685383354885166,119.0,143.26385281385282
87,1,-0.003211346361786127,-0.006450550192279149,200.0,151.20612373737376
87,2,-0.008189038187265397,-0.00566469777841121,185.0,156.2005366161616
87,3,-0.003613922744989395,-0.00452631672960706,200.0,176.5080853174603
88,0,-0.0024122880771756173,-0.006637371048394048,115.0,142.94628143392188
88,1,-0.007088499702513218,-0.006457718164304251,200.0,151.7543695380774
88,2,-0.005072607938200235,-0.005658045083577379,200.0,156.69266541822722
88,3,0.001171488780528307,-0.004462296442976326,200.0,176.77203941501696
89,0,-0.002163259219378233,-0.006587658694738316,122.0,142.71354497354497
89,1,-0.011235823296010495,-0.006510808221323209,200.0,152.29043209876545
89,2,-0.0018008214421570301,-0.005615187043117152,200.0,157.17385802469136
89,3,-0.0035042564384639265,-0.004451651554037299,165.5,176.64679453262787
90,0,-0.0030372226610779762,-0.0065486429141486426,140.5,142.68922030350603
90,1,-0.003584137000143528,-0.006478646999112443,200.0,152.8147130647131
90,2,9.821532294154167e-05,-0.005552402401731892,198.0,157.62249694749696
90,3,0.0003640944138169289,-0.004398731268676264,197.5,176.87595063666492
91,0,-0.002426331024616957,-0.00650383517621895,124.5,142.49151138716357
91,1,1.8237344920635224e-05,-0.0064080286910251265,200.0,153.32759661835752
91,2,-0.0016411525197327138,-0.005509888816057989,200.0,158.08312198067634
91,3,0.0017940975725650788,-0.004331417911706249,200.0,177.1272989993099
92,0,-0.0045682043768465515,-0.006483021941817097,127.5,142.33031233998977
92,1,-0.0018550867214798927,-0.0063590723257612,200.0,153.82945041816012
92,2,-0.005933740641921759,-0.0055144463625726526,200.0,158.53384109916368
92,3,-0.0024364118464291094,-0.0043110415024021935,200.0,177.3732420208227
93,0,-0.009874232951551676,-0.006519098654686613,122.0,142.11403242147924
93,1,-0.0051523841917514804,-0.006346235217952585,200.0,154.3206264775414
93,2,-0.0057915056124329565,-0.005517393801400953,200.0,158.97497044917256
93,3,-0.0012864107266068459,-0.004278864579255435,183.0,177.43310114826076
94,0,-0.004164454061537981,-0.006494312922127154,136.0,142.04967418546366
94,1,-0.0051553680561482905,-0.0063336997741441185,200.0,154.8014619883041
94,2,-0.010410502832382918,-0.0055689002122533944,200.0,159.40681286549707
94,3,-0.0030928811989724635,-0.004266380543673508,200.0,177.67064745196328
95,0,-0.00960634956136346,-0.00652672997045253,154.0,142.17415674603174
95,1,-0.004132817778736353,-0.006310773920025288,200.0,155.2722800925926
95,2,-0.0049540895968675615,-0.0055624959350097924,200.0,159.82965856481482
95,3,-0.0024644250050187113,-0.004247610173479188,200.0,177.9032448743386
96,0,-0.006315384432673455,-0.006524551150475426,149.0,142.2445262641139
96,1,-0.004949898645281792,-0.006296744278017624,200.0,155.73339060710197
96,2,-0.0077751308213919405,-0.005585306603941567,200.0,160.24378579610539
96,3,-0.0016025475226342679,-0.004220341486357076,196.5,178.09496399934542
97,0,-0.005886023305356503,-0.006518035560219111,141.0,142.2318270165209
97,1,-0.004469886608421803,-0.00627810287322583,200.0,156.18509070294786
97,2,-0.009140148293226957,-0.005621580498730194,200.0,160.64946145124716
97,3,0.007145090401172638,-0.004104367691586365,200.0,178.31848477486233
98,0,-0.005035542417317629,-0.006503060882007985,140.0,142.2092833092833
98,1,-0.003898785263299942,-0.006254069362014458,200.0,156.62766554433222
98,2,-0.007002478744834661,-0.005635528965862562,200.0,161.0469416386083
98,3,-0.0021203598007559776,-0.004084327207840603,200.0,178.53748997915665
99,0,-0.005922245793044567,-0.00649725273111835,137.5,142.1621904761905
99,1,-0.002537834830582142,-0.006216907016700134,200.0,157.0613888888889
99,2,-0.008476399816572666,-0.0056639376743696625,200.0,161.43647222222222
99,3,-0.0014815988019108773,-0.004058299923781306,200.0,178.75211507936507
100,0,-0.006651993468403816,-0.006491850412916392,121.5,143.07433333333333
100,1,-0.008581191115081311,-0.006238413508748636,200.0,158.8283888888889
100,2,-0.009368262253701687,-0.005681190788280219,200.0,163.2324722222222
100,3,-0.004714484047144652,-0.004022206046152861,200.0,180.52311507936508
101,0,-0.004522748664021492,-0.006375785246025771,160.5,144.43433333333334
101,1,-0.008957458520308137,-0.0061819761937949805,200.0,160.56061111111111
101,2,-0.006453103199601173,-0.005596887306775897,200.0,165.02047222222222
101,3,-0.00315457284450531,-0.003896526905242354,200.0,182.2575595238095
102,0,-0.0005417576991021633,-0.006288745190482586,147.0,145.67233333333334
102,1,-0.007013166882097721,-0.006088280255207792,200.0,162.3195
102,2,-0.007501224521547556,-0.005613951812963933,200.0,166.79158333333334
102,3,-0.000932777114212513,-0.0038477644366212193,200.0,184.0545595238095
103,0,-0.006942158192396164,-0.006152837524656207,131.5,146.76933333333332
103,1,-0.0016869282349944114,-0.005948806201340631,200.0,164.08950000000002
103,2,-0.008981480449438094,-0.005595847939606756,200.0,168.50283333333334
103,3,-0.00654710540547967,-0.0038387302043847737,200.0,185.75580952380952
104,0,-0.006057648360729218,-0.006121268838178366,142.0,147.80183333333335
104,1,-0.001849142089486122,-0.005789439491229132,200.0,165.73950000000002
104,2,-0.0018883260898292064,-0.005440984696615487,200.0,170.16116666666667
104,3,-0.000703508872538805,-0.0036901283632032574,179.0,187.22080952380952
105,0,-0.008139243721961975,-0.006070671260822563,123.0,148.66683333333333
105,1,-0.006453544925898313,-0.005696971271419898,200.0,167.2245
105,2,-0.006473819166421891,-0.0054106884845532485,200.0,171.73916666666665
105,3,0.0013958707451820374,-0.003557046647649258,200.0,188.87414285714286
106,0,-0.009355196077376605,-0.006002752340864389,121.0,149.42083333333332
106,1,-0.006189855188131333,-0.005649406045908109,200.0,168.7965
106,2,-0.006947311758995056,-0.0054346460714004945,200.0,173.13166666666663
106,3,-0.003426686814054847,-0.003471441235393285,166.5,189.75247619047622
107,0,-0.0054292062297463415,-0.00595053106267005,134.0,150.24833333333333
107,1,-0.003558374289423227,-0.005560518591897563,200.0,170.50650000000002
107,2,-0.008423077408224344,-0.005397885526064784,200.0,174.1183333333333
107,3,0.003238062094897032,-0.003343835254199802,167.5,191.14033333333333
108,0,-0.009810847137123347,-0.006003984248265624,111.5,149.36333333333334
108,1,-0.0033107072114944456,-0.00545029070903547,200.0,171.94150000000002
108,2,-0.005287771485745907,-0.005321796940173954,200.0,175.225
108,3,-0.0051338584162294865,-0.003345724990591407,200.0,191.14033333333333
109,0,-0.0017546194605529309,-0.005835473938845096,102.33333333333333,149.8491666666667
109,1,-0.004343153536319732,-0.005341473451117053,200.0,172.93650000000002
109,2,-0.006834532879292965,-0.005281522225122899,200.0,176.22
109,3,0.0006060522049665451,-0.003242427419871091,200.0,192.4236666666667
110,0,-0.005757963377982378,-0.005809284765273332,117.5,149.02416666666667
110,1,-0.005684624891728163,-0.005241896373452618,200.0,174.4325
110,2,-0.005940461298450828,-0.005227406375110148,200.0,177.115
110,3,0.0007725243456661701,-0.0031363320662640033,190.0,193.8816666666667
111,0,-0.006383298430591822,-0.0057671173801645634,105.0,148.99750000000003
111,1,-0.008445427753031254,-0.0052430853231344365,200.0,175.35583333333335
111,2,-0.00657063783146441,-0.005265556415077298,200.0,177.955
111,3,-0.002204001508653164,-0.0030975912208668892,200.0,194.675
112,0,-0.00816387664526701,-0.005749665732029825,119.0,149.39416666666665
112,1,-0.007407044060528278,-0.005209846694255248,200.0,175.74583333333337
112,2,0.00037214066833257675,-0.005166329686064273,200.0,178.555
112,3,-0.0013441584073007108,-0.0030599348959513013,200.0,195.215
113,0,-0.002789540868252516,-0.005736563988495619,200.0,149.39416666666668
113,1,-0.0036576705053448675,-0.005099187183426692,200.0,177.06583333333336
113,2,-0.0032219237647950648,-0.005087836499791593,200.0,179.14
114,0,-0.002805582247674465,-0.005658982247579844,200.0,149.39416666666665
114,1,-0.008641068916767835,-0.0051306520265061405,200.0,177.83583333333337
114,2,-0.003970504552125931,-0.005074422589037566,200.0,179.45
115,0,0.0009296798147261143,-0.005778050682973117,200.0,149.83416666666668
115,1,0.0034544609487056734,-0.005034792005782947,200.0,178.03583333333336
115,2,0.003544243425130844,-0.0049345024270005524,200.0,179.45
116,0,0.0006304997950792313,-0.0057227107151411475,200.0,150.06916666666666
116,1,-0.0022699687629938125,-0.004897362668765709,200.0,178.89583333333337
116,2,-0.0018110199831426143,-0.004886444509960711,200.0,180.14
117,0,-0.0004921725019812583,-0.0056743589532561615,187.5,150.3491666666667
117,1,-0.0022396416403353213,-0.004815583401126786,200.0,180.29833333333335
117,2,-0.003290484519675374,-0.004840476162265987,200.0,180.14
118,0,0.001393447071313858,-0.005590696250554175,200.0,150.63416666666666
118,1,0.005625908030197024,-0.004692023888463155,200.0,181.22333333333336
118,2,-0.004155164491385222,-0.0048191381650976835,200.0,180.14
119,0,-0.0038740535266697405,-0.005573720985557885,200.0,150.6341666666667
119,1,0.0034181101247668265,-0.00450561728538014,183.5,182.29166666666669
119,2,-0.004596558818593621,-0.00476940793916583,200.0,180.14
120,0,-0.0027217317372560503,-0.005495615677442401,168.5,151.00416666666666
120,1,-0.0004422809928655624,-0.004405345399165526,200.0,183.21666666666667
120,2,-0.0021142832934856414,-0.0047221994102001185,200.0,180.14
121,0,-0.002457215636968613,-0.005447461586911232,200.0,151.00416666666666
121,1,0.005231334362179041,-0.0042616706707049165,200.0,184.52
121,2,-0.002165962476283312,-0.00468451908417046,200.0,180.14
122,0,-0.0026419770903885363,-0.005413590532261878,200.0,151.12416666666667
122,1,0.006026978231966495,-0.004113522815750913,200.0,185.255
122,2,-0.0016896631568670273,-0.004645853303372859,200.0,180.325
123,0,0.0005943013355135917,-0.005350660589057952,200.0,151.12416666666667
123,1,-0.002333228848874569,-0.0040925616493914276,200.0,185.51
123,2,0.005260198004543781,-0.004539710663259029,200.0,180.415
124,0,0.005307308491319418,-0.00523777770763263,186.5,151.16916666666668
124,1,-0.002158248797059059,-0.004007784405956044,200.0,185.51
124,2,-1.4071352779865266e-06,-0.0045287188421934835,185.0,180.265
125,0,0.00937949325889349,-0.005132003299426285,200.0,151.16916666666665
125,1,-0.003129152487963438,-0.003991860286565497,200.0,186.135
125,2,-7.513505406677722e-05,-0.0044930990790016945,200.0,180.515
126,0,-0.0037769018672406673,-0.005164286407176404,200.0,151.43416666666667
126,1,-0.0051193456165492535,-0.004039078302914276,200.0,186.195
126,2,-0.008186636585742235,-0.004550244854297488,200.0,180.515
127,0,-0.00043387655168771746,-0.005102448222693055,200.0,151.71916666666667
127,1,0.0019308733753859997,-0.003962741323048249,200.0,186.505
127,2,0.00022274628281593323,-0.00451914580585435,187.5,180.74
128,0,-6.219111382961273e-05,-0.005049464010167867,200.0,151.97916666666669
128,1,-0.005940052680671215,-0.0040451193286571655,200.0,186.505
128,2,-0.0014379017055034637,-0.0045579858799465,200.0,180.74
129,0,0.0020538044162094595,-0.005000484256539494,200.0,151.97916666666666
129,1,-0.005356496199965477,-0.004074270513141528,171.0,186.215
129,2,-0.00648244796320796,-0.004549120822455734,200.0,180.74
130,0,-0.000407728273421526,-0.004905474408995359,200.0,152.7891666666667
130,1,-0.002263484708964825,-0.0040267615451011814,200.0,186.705
130,2,-0.003125440189614892,-0.004641853929497302,200.0,180.76
131,0,-0.003369529079645872,-0.00482837292039767,200.0,153.16416666666666
131,1,-0.0009211828932166099,-0.004001521341735498,200.0,187.225
131,2,0.00427252845838666,-0.004678045874461531,200.0,180.76
132,0,-0.0012014285661280156,-0.004798852708656341,200.0,153.5391666666667
132,1,-0.002731115464121103,-0.003968418237986044,200.0,187.225
132,2,0.0006274467334151268,-0.004639997811987997,200.0,180.83
133,0,-0.0036831095814704893,-0.004794787312392146,200.0,153.70916666666665
133,1,-0.013535057287663221,-0.004068824811140076,200.0,187.39
133,2,-0.00423428644426167,-0.00464435153780505,200.0,181.37
134,0,-0.0040590140037238594,-0.004763571292627604,200.0,154.05916666666667
134,1,-0.0012569146230816842,-0.004064251231262461,156.0,186.96
134,2,-0.002267270814627409,-0.004607323929201812,200.0,181.85
135,0,-0.0033797072246670723,-0.004717264337930828,200.0,154.85416666666666
135,1,0.005700855422765017,-0.004043833398493007,154.5,186.65
135,2,-0.003554191067814827,-0.004581989506725222,200.0,182.465
136,0,0.0009142559953033924,-0.0046382286245934675,200.0,155.20416666666668
136,1,0.0004972277209162712,-0.004025996731827036,182.0,186.645
136,2,-0.0049533532466739414,-0.004577843822538853,200.0,182.885
137,0,-0.0021975171752274037,-0.004540951097849757,200.0,155.72916666666666
137,1,-0.005365802347660065,-0.004054361985297874,200.0,186.7
137,2,-0.0029202609322965143,-0.004517521629109979,200.0,183.38
138,0,-0.0012688323855400085,-0.004483989019412548,200.0,155.88916666666668
138,1,-0.004333269223570824,-0.004081906880484894,200.0,186.7
138,2,-0.002476945985108614,-0.004486851493827999,198.5,183.875
139,0,-0.0001832069829106331,-0.00439626137772575,200.0,155.88916666666665
139,1,-0.001738365925848484,-0.004053395866649225,200.0,186.7
139,2,0.000905868224799633,-0.004397861767560244,200.0,184.61
140,0,-0.0025531371124088765,-0.004383372197393328,200.0,156.43916666666667
140,1,-0.0027800925076007844,-0.003999801627593115,200.0,186.7
140,2,0.00012989137321710585,-0.004322436320595443,200.0,185.035
141,0,-0.0011552290059626102,-0.0043647175286896525,200.0,157.06916666666666
141,1,0.0009533391334116459,-0.003947276967810467,196.5,186.84
141,2,0.00027320217341184614,-0.0042830522619187825,200.0,185.69
142,0,0.0014291023835539818,-0.00432035431964323,200.0,157.38916666666668
142,1,-0.0023557480424642565,-0.0039414317796472465,195.0,187.055
142,2,-0.0010595743544399739,-0.004250316529534757,200.0,186.53
143,0,-0.006310352310538292,-0.004323988880496472,200.0,157.38916666666665
143,1,-0.001208389364182949,-0.003903013792121783,200.0,187.545
143,2,-0.005996422935277223,-0.004261572839692235,200.0,187.17
144,0,-0.0019681200385093687,-0.004323694567661732,200.0,158.12416666666667
144,1,-0.0034298064187169076,-0.003898911255644635,200.0,187.545
144,2,-0.0020795123651623725,-0.004225617547053844,200.0,187.68
145,0,-0.005536257103085518,-0.004307621770072729,200.0,158.38916666666668
145,1,-0.0011668900959193706,-0.0038990887294057756,200.0,188.025
145,2,0.00013159681111574173,-0.004150306180585176,200.0,187.68
146,0,-8.932705968618393e-05,-0.004239911029580981,200.0,158.47916666666669
146,1,0.0021123750135302543,-0.0038068903910461814,191.5,187.94
146,2,-0.0018911859020590781,-0.004137999580707401,200.0,188.2
147,0,0.005075977928936481,-0.004090060042683035,200.0,159.14416666666668
147,1,-0.00303338086232543,-0.0037971313830930742,200.0,187.94
147,2,-0.004985670046880841,-0.004163075299933552,200.0,188.895
148,0,-0.003752402402460575,-0.004037480652797966,200.0,159.14416666666668
148,1,-0.0016911856830120087,-0.0037651149483863265,200.0,188.035
148,2,-0.0028420194052159787,-0.004134035325609148,200.0,189.275
149,0,-0.0024203634820878506,-0.0039158196314238005,200.0,159.14416666666668
149,1,-0.004105053283274174,-0.0037536284199450164,200.0,188.035
149,2,-0.001282619684934616,-0.004082911515608429,200.0,189.275
150,0,-0.0014812800101935864,-0.003891097981948405,200.0,159.89916666666667
150,1,-0.0037366409786045553,-0.003725078541086986,200.0,188.035
150,2,-0.0009246893227100372,-0.004006727704778314,196.5,189.24
151,0,-0.0037227063439786434,-0.00384310646308586,200.0,160.24416666666667
151,1,-0.004066013637930155,-0.003746138093294575,200.0,188.25
151,2,-0.0021936137229204176,-0.003922779844142497,200.0,189.69
152,0,0.00043344646692276,-0.003682877797167748,200.0,161.5375
152,1,0.0010872185230255127,-0.0036880637158174063,200.0,188.285
152,2,-0.0043272657319903375,-0.003915723296813667,200.0,189.69
153,0,-0.0007197397761046886,-0.0036298843813128766,200.0,162.1925
153,1,-0.0008864132687449455,-0.003668286165455356,196.0,188.34
153,2,-0.0018843917176127433,-0.0038783872593194245,200.0,189.69
154,0,-0.0015108815394341945,-0.003573039298411458,200.0,163.1275
154,1,-0.0020902253687381744,-0.0036470527818892153,200.0,188.575
154,2,-0.002593832090497017,-0.0037921929862350223,200.0,189.69
155,0,-0.0019072916358709336,-0.0034011060385964803,200.0,164.57
155,1,-0.0015119548887014389,-0.0036031479027587915,200.0,188.575
155,2,-0.007612955756485462,-0.003757301508449018,200.0,189.69
156,0,-0.007258003856986761,-0.0034149208688177167,200.0,165.405
156,1,-0.004019020311534405,-0.0035834767727646977,184.0,189.075
156,2,-0.00224370788782835,-0.0037896251706406475,200.0,189.75
157,0,0.003742307145148516,-0.0033010187768377362,195.0,165.405
157,1,-0.0027770312502980233,-0.0035697164826560763,200.0,189.47
157,2,-0.002032375894486904,-0.0037715152883902193,200.0,189.93
158,0,-0.0014811573550105096,-0.0032530604857020085,200.0,165.405
158,1,-0.00397343160584569,-0.0035593064895365384,161.5,189.39
158,2,-0.0031282132491469382,-0.0037479162560775875,200.0,190.22
159,0,-0.0032175082713365557,-0.003161758841015399,200.0,165.405
159,1,-0.0049830122850835325,-0.003572219764115289,144.0,188.83
159,2,-0.0012063668575137854,-0.0036936551439575847,173.5,190.235
160,0,-0.00622417526319623,-0.003181491596624256,200.0,165.405
160,1,-0.002380187250673771,-0.0035252080222126104,192.0,189.32
160,2,-0.0022105133160948754,-0.0036476790881715716,200.0,190.365
161,0,-0.0011878035962581634,-0.003145647099241614,200.0,165.405
161,1,-0.00034870486706495285,-0.0034292157462332395,200.0,189.83
161,2,-0.004915672075003386,-0.0036364516415633256,200.0,190.51
162,0,-0.007766616530716419,-0.0031563065247610213,200.0,165.405
162,1,-0.0019786592572927477,-0.0033998539515305314,185.0,190.11
162,2,-0.006558292265981436,-0.0036681036246009172,200.0,190.51
163,0,0.0010912096127867698,-0.0031872213166207076,200.0,165.405
163,1,0.003766980115324259,-0.0033210299622733145,168.5,190.375
163,2,-0.0038665086030960083,-0.003674217632506043,200.0,190.865
164,0,0.00019719041883945466,-0.003147769309580326,200.0,165.805
164,1,-0.0012616705149412154,-0.003316191994817927,137.5,190.345
164,2,-0.0016567902639508247,-0.003651680553797632,184.5,190.95
165,0,-0.0031693849712610246,-0.003132785769179463,200.0,166.415
165,1,-0.0030029384419322015,-0.0032816880999598647,164.5,190.57
165,2,-0.0023786578327417373,-0.003610921328421682,200.0,191.515
166,0,-0.0010137692093849181,-0.003075249976478517,200.0,167.105
166,1,-0.0032019504345953465,-0.0032998215288389476,179.0,190.515
166,2,-0.003076145611703396,-0.0036002850201912223,200.0,191.86
167,0,-0.003910669777542353,-0.0031040630163624875,200.0,168.04833333333332
167,1,-0.0052892564795911316,-0.003300452667521313,133.5,189.85
167,2,-0.0051481715403497216,-0.003588723686989396,200.0,191.86
168,0,-0.010546275321394205,-0.0031577141406014552,200.0,168.92333333333332
168,1,-0.007648717984557152,-0.003363407229073346,108.0,189.435
168,2,-0.0024264217354357243,-0.0035572392833419144,200.0,192.265
169,0,-0.007577354181557893,-0.00325428450293839,200.0,169.81833333333336
169,1,-0.002357262186706066,-0.003355703869834542,171.0,189.69
169,2,-0.004624828323721885,-0.003576167835388333,200.0,192.87
170,0,0.0014289390295743943,-0.003187935148365795,200.0,170.89166666666668
170,1,0.009573840070515871,-0.003161298971623182,199.5,190.28
170,2,-0.007360544987022877,-0.003633645986672491,200.0,193.06
171,0,-0.0025396340526640413,-0.0031272667199373242,200.0,171.70166666666668
171,1,-0.006319695338606835,-0.0031818807069212197,200.0,190.81
171,2,-0.007293463125824929,-0.0036541220392100515,200.0,193.46
172,0,-0.002715894067659974,-0.003072486328426749,200.0,172.73833333333334
172,1,-0.0027745843399316072,-0.0031417419877834613,171.0,190.83
172,2,-0.003423556871712208,-0.0036507395091466607,200.0,194.065
173,0,-0.0025126117281615732,-0.003026046971324831,200.0,173.47833333333335
173,1,0.0002585316076874733,-0.0030965725337155164,200.0,191.365
173,2,-0.0034343129955232143,-0.0037181266346015037,200.0,194.4
174,0,-0.0009802074171602726,-0.0029436210826970636,200.0,174.35333333333335
174,1,-0.006894113682210446,-0.0031047873855568468,200.0,191.73
174,2,-0.004072216339409351,-0.0037197151859290896,200.0,194.96
175,0,-0.006299558281898499,-0.002903081481810659,200.0,174.86833333333337
175,1,0.00017925463616847993,-0.003062857667449862,200.0,192.165
175,2,-0.004808932263404131,-0.0037148146512918172,200.0,195.41
176,0,-0.008381578233093023,-0.002948331913910806,200.0,175.66833333333335
176,1,-0.0017344795167446136,-0.0030297609963454305,200.0,192.165
177,0,-0.00402133243624121,-0.002971264834748581,200.0,176.05833333333337
177,1,-0.005660968460142612,-0.0030426921802572905,200.0,192.46
178,0,-0.003667275980114937,-0.003053463841089979,200.0,176.40833333333336
178,1,-0.0009267956949770451,-0.003019405707716942,200.0,192.61
179,0,-0.005509929452091456,-0.0030901004143524917,200.0,176.75833333333335
179,1,-0.0036582191474735736,-0.003012901616282761,200.0,192.835
180,0,-0.0034529025200754405,-0.003067688565468416,200.0,177.17833333333337
180,1,-0.003853446803987026,-0.0030088609838858247,200.0,192.92
181,0,-0.001029924489557743,-0.0029739295428153133,200.0,177.70833333333337
181,1,-0.0037166746333241463,-0.002975489086471498,200.0,192.92
182,0,0.00024632643908262253,-0.002986345062730834,200.0,178.30333333333337
182,1,-0.002134389244019985,-0.002977692620828748,200.0,193.25
183,0,-0.007452039234340191,-0.002994263123488054,200.0,178.91333333333336
183,1,-0.00773426266387105,-0.002994925112463534,200.0,193.25
184,0,-0.0038354123942554,-0.0030311017052736134,200.0,179.60333333333335
184,1,-0.008192924782633781,-0.002992406733799726,200.0,193.25
185,0,-0.0037902953568845986,-0.0030035659687127915,200.0,180.21833333333333
185,1,-0.0025024306029081344,-0.002913083342369646,200.0,193.25
186,0,-0.005780202383175492,-0.0030415202688891443,200.0,181.01333333333332
186,1,-0.0009860506746917964,-0.002867219832725823,200.0,193.25
187,0,-0.0027086077257990836,-0.0029903733406681566,200.0,181.82333333333332
187,1,-0.0034288887865841387,-0.0028693952569738036,158.0,192.83
188,0,-0.004187814146280289,-0.003008128601359203,200.0,182.67333333333332
188,1,-0.004050533659756184,-0.002839015596546233,200.0,192.83
189,0,-0.0047788327559828755,-0.0030342843367252505,200.0,183.45333333333332
189,1,-0.002308813575655222,-0.00274974549934268,200.0,192.83
190,0,-0.0016612978652119637,-0.0030205250887665896,168.5,183.73333333333332
190,1,-0.0035454634577035903,-0.0027493587639182806,200.0,192.83
191,0,-0.0027011290192604067,-0.0030232730687130244,200.0,184.48833333333332
191,1,-0.0030938285402953626,-0.0027804794227704404,200.0,192.83
192,0,-0.0029027068987488745,-0.0030066180939320474,200.0,185.2133333333333
192,1,-0.001227195793762803,-0.0027742005134932697,183.0,192.66
193,0,-0.0013647778891026975,-0.0029215235433075583,190.0,185.89333333333332
193,1,-0.004809907078742981,-0.0027707757423631844,186.5,192.525
194,0,-0.0029674097895622253,-0.0029095531005878007,200.0,186.53333333333333
194,1,-0.007041111961007119,-0.0027896331814117725,164.5,192.17
195,0,-0.0016452568583190442,-0.0028299421735573566,200.0,186.9933333333333
195,1,0.003733812086284161,-0.0027109668827615674,200.0,192.17
196,0,-0.0020020379684865474,-0.0027868087089154875,199.5,187.49833333333333
196,1,-0.0042550557292997835,-0.0027040184536017476,142.0,191.59
197,0,-0.007405386492609978,-0.002802002340788022,200.0,188.0883333333333
197,1,-0.0031920015811920167,-0.0026912396033294504,200.0,191.59
198,0,-0.003449351992458105,-0.0027861404365394265,200.0,188.68833333333333
198,1,-0.0011167990043759346,-0.0026634197407402107,200.0,191.59
199,0,-0.006908897496759892,-0.002796006953576579,200.0,189.31333333333333
199,1,-0.0028172762133181093,-0.0026662141545675706,200.0,191.59
200,0,-0.0029985809698700903,-0.0027594728285912423,200.0,190.09833333333333
200,1,-0.004618621245026588,-0.0026265884558670234,200.0,191.59
201,0,-0.0032516757026314737,-0.002746762098977342,200.0,190.4933333333333
201,1,-0.0075819134712219235,-0.0026128330053761606,200.0,191.59
202,0,-0.0016465357504785061,-0.002757809879491106,200.0,191.0233333333333
202,1,-0.014179094322025776,-0.0026844922797754417,200.0,191.59
203,0,-0.005810825154185295,-0.002746496549108997,200.0,191.70833333333331
203,1,-0.002793233934789896,-0.0026955553367733966,200.0,191.59
204,0,-0.003416025172919035,-0.0027200803172308954,200.0,192.28833333333333
204,1,-0.0035120803862810136,-0.002712184719741345,200.0,191.59
205,0,-0.007202635798603296,-0.002710714237997309,200.0,193.0583333333333
205,1,-0.0032458586618304254,-0.0026801078571006658,200.0,191.59
206,0,-0.0021442870609462263,-0.0026386051478330045,200.0,193.84833333333333
206,1,-0.006419654563069343,-0.0026824058508500464,200.0,191.59
207,0,-0.005884134769439697,-0.0026431544332299385,200.0,194.50833333333333
207,1,-0.009303509071469308,-0.0027398571986705068,200.0,191.59
208,0,-0.00265394514426589,-0.002571585413301364,200.0,195.39333333333332
208,1,-0.005688033811748028,-0.0027636304646730427,179.5,191.385
209,1,-0.0036315528675913812,-0.0027565144579857594,196.5,191.35
210,1,-0.0023994754999876024,-0.0027236629640683533,176.5,191.115
211,1,-0.003784236405044794,-0.002677051050588489,181.0,190.925
212,1,-0.0006231958977878094,-0.0026092125689610836,149.0,190.415
213,1,-0.0006195015273988246,-0.0025788308791816227,200.0,190.415
214,1,-0.012345758639276028,-0.0026158777764067054,200.0,190.415
215,1,-0.0024811528623104096,-0.0026752339145168663,140.5,189.82
216,1,-0.005841107480227948,-0.0027109453016892072,144.5,189.265
217,1,-0.006310112029314041,-0.0027516500055789943,107.66666666666667,188.34166666666667
218,1,-0.0014353154227137565,-0.002822262240108102,188.5,188.2266666666667
219,1,-0.0069805910810828205,-0.002926249252166599,171.0,188.1016666666667
220,1,-0.0010920895263552665,-0.0029327473375014962,143.0,187.53166666666667
221,1,-0.0027541453018784523,-0.0030126021341420704,169.5,187.22666666666663
222,1,-0.003872338030487299,-0.0031115952967666095,180.5,187.03166666666664
223,1,-0.003825097717344761,-0.003126513985451311,200.0,187.03166666666664
224,1,-0.005330325942486525,-0.0031582347569055853,200.0,187.03166666666664
225,1,-0.00315826116129756,-0.0031585258436389266,200.0,187.03166666666664
226,1,-0.003821262065321207,-0.003145545008126646,200.0,187.03166666666664
227,1,-0.00044961683452129366,-0.0031693499102257187,200.0,187.03166666666664
228,1,9.123925119638442e-05,-0.003109036990907044,200.0,187.03166666666664
229,1,-0.0029649720527231693,-0.0030851217494346204,200.0,187.32166666666663
230,1,-0.002806160133332014,-0.003090548503678292,200.0,187.32166666666663
231,1,-0.003570388350635767,-0.003117040558252484,200.0,187.32166666666663
232,1,0.005074914731085301,-0.00303898025630042,183.5,187.15666666666664
233,1,0.001135171949863434,-0.002892277963925153,200.0,187.15666666666664
234,1,-0.0023471579886972906,-0.002903180397581309,181.0,187.40666666666664
235,1,-0.0007506441324949265,-0.002967695393133908,176.0,187.62166666666664
236,1,0.003961993847042322,-0.002933047731872648,200.0,187.80166666666665
237,1,0.0010533885098993779,-0.0028688558232970534,191.0,187.71166666666667
238,1,0.0035443005152046682,-0.002790080125909299,185.0,187.56166666666667
239,1,-0.001431975793093443,-0.002787016224581748,195.0,187.51166666666668
240,1,0.0001734986901283264,-0.002757480312604457,192.0,187.43166666666667
241,1,-0.0002069268375635147,-0.002769082972314209,187.0,187.33666666666667
242,1,0.007902629673480988,-0.002666499195154756,200.0,187.38666666666668
243,1,-0.0006399895064532757,-0.002660815196577459,200.0,187.38666666666668
244,1,-0.00023105684667825698,-0.0026288277008570727,200.0,187.38666666666668
245,1,-0.0020339048467576505,-0.002637497848365455,200.0,187.38666666666668
246,1,-0.0007775040343403816,-0.0026663966388441617,200.0,187.4716666666667
247,1,-0.0010908616706728936,-0.002646971446927637,200.0,187.4716666666667
248,1,0.00024386495351791382,-0.0026276209405623374,200.0,187.4716666666667
249,1,3.503989428281784e-05,-0.0025862200087867675,200.0,187.4716666666667
250,1,0.0011094716377556325,-0.002537758882623165,188.0,187.3516666666667
251,1,0.003917088359594345,-0.0024579278626479205,200.0,187.3516666666667
252,1,0.0065810427069664,-0.0024029896208085113,200.0,187.3516666666667
253,1,-0.001235793624073267,-0.0024064834243617953,200.0,187.39166666666668
254,1,0.0029872708022594453,-0.002355708462651819,190.5,187.29666666666668
255,1,0.000676720216870308,-0.0023338217115961013,200.0,187.29666666666668
256,1,-0.0001488367095589638,-0.0022951198755763466,184.0,187.29666666666668
257,1,0.0003984374925494194,-0.0022633651881478725,200.0,187.29666666666668
258,1,0.0078073900192976,-0.0021455569718964395,200.0,187.68166666666667
259,1,-0.00038819117471575735,-0.002099608760792762,200.0,188.24166666666667
260,1,-0.0012196531519293786,-0.002088003419805318,200.0,188.3216666666667
261,1,0.005087851546704769,-0.0020336378556676206,200.0,188.3216666666667
262,1,0.009897895436733962,-0.0019148723087273535,200.0,188.4716666666667
263,1,-0.0048464610241353515,-0.0020010067201219495,200.0,188.7866666666667
264,1,-0.0022591433953493834,-0.0020109814489260316,200.0,189.4116666666667
265,1,-0.0012061159126460553,-0.00199301322363317,200.0,189.76666666666668
266,1,-0.004072052892297506,-0.0020017142482101915,200.0,189.9766666666667
267,1,-0.0007846917025744915,-0.0019566686004400253,200.0,190.64166666666668
268,1,-0.0006032882258296013,-0.0018862143028527498,200.0,191.56166666666667
269,1,-0.0009194863960146904,-0.0018718365449458363,195.0,191.80166666666668
270,1,0.010458104126155377,-0.0018629939043894408,200.0,191.80666666666667
271,1,0.004704424180090427,-0.001752752709202468,200.0,191.80666666666667
272,1,0.0007066270336508751,-0.0017179405954666433,200.0,192.0966666666667
273,1,2.701757475733757e-05,-0.0017202557357959448,200.0,192.0966666666667
274,1,0.013424325548112393,-0.0015170713434927163,200.0,192.0966666666667
275,1,-0.003263743035495281,-0.0015515013202093539,200.0,192.0966666666667
276,1,-0.0012179219163954258,-0.0015463357442058621,200.0,192.0966666666667
277,1,-0.003343723155558109,-0.001523163291160017,200.0,192.09666666666664
278,1,-0.004614660795778036,-0.0015600419421680273,200.0,192.09666666666664
279,1,-0.008977968618273735,-0.0016132394368760289,200.0,192.09666666666664
280,1,-0.0012317110784351825,-0.0015870220796205103,200.0,192.09666666666664
281,1,-0.001691952906548977,-0.0015667748623527584,200.0,192.09666666666664
282,1,-0.001689046062529087,-0.0015623214305378497,177.5,191.87166666666664
283,1,-0.0015736617147922515,-0.0015007154210470617,197.5,191.84666666666664
284,1,-0.0026670709252357484,-0.0014454568824730815,198.0,191.82666666666665
285,1,-0.0003595283254981041,-0.001424027859698981,194.0,191.76666666666665
286,1,-0.0028795778751373293,-0.0014429631317034361,200.0,191.76666666666665
287,1,0.00012850584462285042,-0.0014073891853913665,200.0,192.18666666666664
288,1,-0.002604283392429352,-0.001392926682718098,200.0,192.18666666666664
289,1,-0.00036474643275141716,-0.0013734860112890601,200.0,192.18666666666664
290,1,-0.005726298503577709,-0.001395294361747801,200.0,192.18666666666664
291,1,-0.005409044492989778,-0.0014184465212747454,200.0,192.18666666666664
292,1,-0.0023470016196370123,-0.0014296445795334875,200.0,192.35666666666665
293,1,0.0007540362887084485,-0.0013740051458589733,200.0,192.49166666666667
294,1,-8.465517312288285e-05,-0.001304440577980131,200.0,192.8466666666667
295,1,-0.00390676804818213,-0.0013808463793247938,200.0,192.8466666666667
296,1,-0.006679337099194526,-0.001405089193023741,200.0,193.42666666666668
297,1,-0.0008967800065875053,-0.0013821369772776962,182.5,193.25166666666667
298,1,-0.0035157807171344755,-0.0014061267944052815,200.0,193.25166666666667
299,1,-0.0037912508472800256,-0.0014158665407449007,199.5,193.24666666666667
300,1,-0.00199721259996295,-0.0013896524542942642,184.5,193.09166666666667
301,1,-0.001690308004617691,-0.0013307363996282217,200.0,193.09166666666667
302,1,-0.0026025550439953806,-0.001214971006847918,200.0,193.09166666666667
303,1,-0.002826513536274433,-0.0012153038028627635,200.0,193.09166666666667
304,1,-0.005509087536484003,-0.0012352738743647935,200.0,193.09166666666667
305,1,-0.00231318948790431,-0.0012259471826255321,200.0,193.09166666666667
306,1,-0.0014588837046176195,-0.001176339474041015,200.0,193.09166666666667
307,1,-0.0022526119370013475,-0.0011058305026963354,200.0,193.09166666666667
308,1,-0.004603783320635557,-0.0010949879977852107,200.0,193.29666666666668
309,1,-0.003427624050527811,-0.001092948709614575,200.0,193.33166666666668
310,1,-0.008252784982323647,-0.0011514818044379355,200.0,193.5666666666667
311,1,-0.0011518063955008983,-0.0011251575043424965,200.0,193.7566666666667
312,1,-0.0018697689287364484,-0.0011376232346519827,200.0,194.26666666666668
313,1,0.0013684432953596116,-0.0011177437864243983,200.0,194.26666666666668
314,1,-0.00014604227617383004,-0.0009957466227933764,200.0,194.26666666666668
315,1,-0.004633273184299469,-0.001017267826013267,200.0,194.86166666666668
316,1,0.006536437338218093,-0.0008934923778288066,200.0,195.41666666666669
